arm,suite,problem,repeat,sha,fingerprint,feasible,proven,objective,solveSeconds,budgetMs,openBoolDecisions,openIntDecisions,openTheoryDecisions,openTheoryChecks,openWork,openLearned,openRelearned,openRestarts,openReductions,openDropped,openRetained,openPeakRetained,openLearnedWatchVisits,openAssertingConflicts,openNonAssertingConflicts,openClauseActivityBumps,openClauseLbdImprovements,openReductionNs,decisions,equalWorkEligible
baseline-1000,smtlib-qfidl,DTP/DTP_k2_n35_c175_s1,0,58ae735e7b527a9d5e1050a0111b78f38b8590f0,47e08fddaf216bb294f883b6b2af9c952dcf4681ded7234d34177367e0ed29b1,True,False,,4.526,30000,38955,0,0,1,38956,6470,0,38,12,2438,4032,4389,3466476,,,,,,38955,True
timed-1000,smtlib-qfidl,DTP/DTP_k2_n35_c175_s1,0,32d86cd25712f1c1f15a8c1c436b422437b73f4d,c0185c3b7ed575db3bb74d5ac3208b6f4b9a86699a05bc6320d3ef9f9aacd8d8,True,False,,4.493,30000,38955,0,0,1,38956,6470,0,38,12,2438,4032,4389,3466476,6470,0,,,26451246,38955,True
timed-250,smtlib-qfidl,DTP/DTP_k2_n35_c175_s1,0,32d86cd25712f1c1f15a8c1c436b422437b73f4d,c0185c3b7ed575db3bb74d5ac3208b6f4b9a86699a05bc6320d3ef9f9aacd8d8,True,False,,4.894,30000,47617,0,0,1,47618,6191,0,190,55,2191,4000,4161,3330183,6191,0,,,56588537,47617,True
timed-4000,smtlib-qfidl,DTP/DTP_k2_n35_c175_s1,0,32d86cd25712f1c1f15a8c1c436b422437b73f4d,c0185c3b7ed575db3bb74d5ac3208b6f4b9a86699a05bc6320d3ef9f9aacd8d8,True,False,,4.502,30000,38747,0,0,1,38748,6477,0,9,2,2167,4310,5347,3637574,6477,0,,,10101532,38747,True
baseline-1000,smtlib-qfidl,DTP/DTP_k2_n35_c175_s1,1,58ae735e7b527a9d5e1050a0111b78f38b8590f0,47e08fddaf216bb294f883b6b2af9c952dcf4681ded7234d34177367e0ed29b1,True,False,,4.581,30000,38955,0,0,1,38956,6470,0,38,12,2438,4032,4389,3466476,,,,,,38955,True
timed-1000,smtlib-qfidl,DTP/DTP_k2_n35_c175_s1,1,32d86cd25712f1c1f15a8c1c436b422437b73f4d,c0185c3b7ed575db3bb74d5ac3208b6f4b9a86699a05bc6320d3ef9f9aacd8d8,True,False,,4.456,30000,38955,0,0,1,38956,6470,0,38,12,2438,4032,4389,3466476,6470,0,,,26492115,38955,True
timed-250,smtlib-qfidl,DTP/DTP_k2_n35_c175_s1,1,32d86cd25712f1c1f15a8c1c436b422437b73f4d,c0185c3b7ed575db3bb74d5ac3208b6f4b9a86699a05bc6320d3ef9f9aacd8d8,True,False,,4.875,30000,47617,0,0,1,47618,6191,0,190,55,2191,4000,4161,3330183,6191,0,,,50017270,47617,True
timed-4000,smtlib-qfidl,DTP/DTP_k2_n35_c175_s1,1,32d86cd25712f1c1f15a8c1c436b422437b73f4d,c0185c3b7ed575db3bb74d5ac3208b6f4b9a86699a05bc6320d3ef9f9aacd8d8,True,False,,4.435,30000,38747,0,0,1,38748,6477,0,9,2,2167,4310,5347,3637574,6477,0,,,11405636,38747,True
baseline-1000,smtlib-qfidl,DTP/DTP_k2_n35_c175_s1,2,58ae735e7b527a9d5e1050a0111b78f38b8590f0,47e08fddaf216bb294f883b6b2af9c952dcf4681ded7234d34177367e0ed29b1,True,False,,4.565,30000,38955,0,0,1,38956,6470,0,38,12,2438,4032,4389,3466476,,,,,,38955,True
timed-1000,smtlib-qfidl,DTP/DTP_k2_n35_c175_s1,2,32d86cd25712f1c1f15a8c1c436b422437b73f4d,c0185c3b7ed575db3bb74d5ac3208b6f4b9a86699a05bc6320d3ef9f9aacd8d8,True,False,,4.543,30000,38955,0,0,1,38956,6470,0,38,12,2438,4032,4389,3466476,6470,0,,,27652587,38955,True
timed-250,smtlib-qfidl,DTP/DTP_k2_n35_c175_s1,2,32d86cd25712f1c1f15a8c1c436b422437b73f4d,c0185c3b7ed575db3bb74d5ac3208b6f4b9a86699a05bc6320d3ef9f9aacd8d8,True,False,,4.853,30000,47617,0,0,1,47618,6191,0,190,55,2191,4000,4161,3330183,6191,0,,,50143990,47617,True
timed-4000,smtlib-qfidl,DTP/DTP_k2_n35_c175_s1,2,32d86cd25712f1c1f15a8c1c436b422437b73f4d,c0185c3b7ed575db3bb74d5ac3208b6f4b9a86699a05bc6320d3ef9f9aacd8d8,True,False,,4.216,30000,38747,0,0,1,38748,6477,0,9,2,2167,4310,5347,3637574,6477,0,,,9658947,38747,True
baseline-1000,smtlib-qfidl,DTP/DTP_k2_n35_c175_s12,0,58ae735e7b527a9d5e1050a0111b78f38b8590f0,47e08fddaf216bb294f883b6b2af9c952dcf4681ded7234d34177367e0ed29b1,,False,,7.037,30000,50000,0,0,0,50000,13739,0,50,21,9739,4000,4975,10486648,,,,,,50000,True
timed-1000,smtlib-qfidl,DTP/DTP_k2_n35_c175_s12,0,32d86cd25712f1c1f15a8c1c436b422437b73f4d,c0185c3b7ed575db3bb74d5ac3208b6f4b9a86699a05bc6320d3ef9f9aacd8d8,,False,,7.069,30000,50000,0,0,0,50000,13739,0,50,21,9739,4000,4975,10486648,13739,0,,,28183971,50000,True
timed-250,smtlib-qfidl,DTP/DTP_k2_n35_c175_s12,0,32d86cd25712f1c1f15a8c1c436b422437b73f4d,c0185c3b7ed575db3bb74d5ac3208b6f4b9a86699a05bc6320d3ef9f9aacd8d8,,False,,5.328,30000,50000,0,0,0,50000,8736,0,200,59,4736,4000,4189,5680120,8736,0,,,45857245,50000,True
timed-4000,smtlib-qfidl,DTP/DTP_k2_n35_c175_s12,0,32d86cd25712f1c1f15a8c1c436b422437b73f4d,c0185c3b7ed575db3bb74d5ac3208b6f4b9a86699a05bc6320d3ef9f9aacd8d8,,False,,7.981,30000,50000,0,0,0,50000,15350,0,12,5,8773,6577,6807,17058927,15350,0,,,15768834,50000,True
baseline-1000,smtlib-qfidl,DTP/DTP_k2_n35_c175_s12,1,58ae735e7b527a9d5e1050a0111b78f38b8590f0,47e08fddaf216bb294f883b6b2af9c952dcf4681ded7234d34177367e0ed29b1,,False,,6.962,30000,50000,0,0,0,50000,13739,0,50,21,9739,4000,4975,10486648,,,,,,50000,True
timed-1000,smtlib-qfidl,DTP/DTP_k2_n35_c175_s12,1,32d86cd25712f1c1f15a8c1c436b422437b73f4d,c0185c3b7ed575db3bb74d5ac3208b6f4b9a86699a05bc6320d3ef9f9aacd8d8,,False,,7.284,30000,50000,0,0,0,50000,13739,0,50,21,9739,4000,4975,10486648,13739,0,,,26725998,50000,True
timed-250,smtlib-qfidl,DTP/DTP_k2_n35_c175_s12,1,32d86cd25712f1c1f15a8c1c436b422437b73f4d,c0185c3b7ed575db3bb74d5ac3208b6f4b9a86699a05bc6320d3ef9f9aacd8d8,,False,,5.799,30000,50000,0,0,0,50000,8736,0,200,59,4736,4000,4189,5680120,8736,0,,,47043474,50000,True
timed-4000,smtlib-qfidl,DTP/DTP_k2_n35_c175_s12,1,32d86cd25712f1c1f15a8c1c436b422437b73f4d,c0185c3b7ed575db3bb74d5ac3208b6f4b9a86699a05bc6320d3ef9f9aacd8d8,,False,,9.43,30000,50000,0,0,0,50000,15350,0,12,5,8773,6577,6807,17058927,15350,0,,,15953399,50000,True
baseline-1000,smtlib-qfidl,DTP/DTP_k2_n35_c175_s12,2,58ae735e7b527a9d5e1050a0111b78f38b8590f0,47e08fddaf216bb294f883b6b2af9c952dcf4681ded7234d34177367e0ed29b1,,False,,6.782,30000,50000,0,0,0,50000,13739,0,50,21,9739,4000,4975,10486648,,,,,,50000,True
timed-1000,smtlib-qfidl,DTP/DTP_k2_n35_c175_s12,2,32d86cd25712f1c1f15a8c1c436b422437b73f4d,c0185c3b7ed575db3bb74d5ac3208b6f4b9a86699a05bc6320d3ef9f9aacd8d8,,False,,6.865,30000,50000,0,0,0,50000,13739,0,50,21,9739,4000,4975,10486648,13739,0,,,30588113,50000,True
timed-250,smtlib-qfidl,DTP/DTP_k2_n35_c175_s12,2,32d86cd25712f1c1f15a8c1c436b422437b73f4d,c0185c3b7ed575db3bb74d5ac3208b6f4b9a86699a05bc6320d3ef9f9aacd8d8,,False,,5.724,30000,50000,0,0,0,50000,8736,0,200,59,4736,4000,4189,5680120,8736,0,,,44966432,50000,True
timed-4000,smtlib-qfidl,DTP/DTP_k2_n35_c175_s12,2,32d86cd25712f1c1f15a8c1c436b422437b73f4d,c0185c3b7ed575db3bb74d5ac3208b6f4b9a86699a05bc6320d3ef9f9aacd8d8,,False,,7.834,30000,50000,0,0,0,50000,15350,0,12,5,8773,6577,6807,17058927,15350,0,,,14766399,50000,True
baseline-1000,smtlib-qfidl,DTP/DTP_k2_n35_c175_s15,0,58ae735e7b527a9d5e1050a0111b78f38b8590f0,47e08fddaf216bb294f883b6b2af9c952dcf4681ded7234d34177367e0ed29b1,True,False,,1.294,30000,17622,0,0,1,17623,632,0,17,0,0,632,632,33395,,,,,,17622,True
timed-1000,smtlib-qfidl,DTP/DTP_k2_n35_c175_s15,0,32d86cd25712f1c1f15a8c1c436b422437b73f4d,c0185c3b7ed575db3bb74d5ac3208b6f4b9a86699a05bc6320d3ef9f9aacd8d8,True,False,,1.216,30000,17622,0,0,1,17623,632,0,17,0,0,632,632,33395,632,0,,,0,17622,True
timed-250,smtlib-qfidl,DTP/DTP_k2_n35_c175_s15,0,32d86cd25712f1c1f15a8c1c436b422437b73f4d,c0185c3b7ed575db3bb74d5ac3208b6f4b9a86699a05bc6320d3ef9f9aacd8d8,True,False,,1.345,30000,22642,0,0,1,22643,589,0,90,0,0,589,589,40573,589,0,,,0,22642,True
timed-4000,smtlib-qfidl,DTP/DTP_k2_n35_c175_s15,0,32d86cd25712f1c1f15a8c1c436b422437b73f4d,c0185c3b7ed575db3bb74d5ac3208b6f4b9a86699a05bc6320d3ef9f9aacd8d8,True,False,,1.14,30000,16378,0,0,1,16379,650,0,4,0,0,650,650,33193,650,0,,,0,16378,True
baseline-1000,smtlib-qfidl,DTP/DTP_k2_n35_c175_s15,1,58ae735e7b527a9d5e1050a0111b78f38b8590f0,47e08fddaf216bb294f883b6b2af9c952dcf4681ded7234d34177367e0ed29b1,True,False,,1.248,30000,17622,0,0,1,17623,632,0,17,0,0,632,632,33395,,,,,,17622,True
timed-1000,smtlib-qfidl,DTP/DTP_k2_n35_c175_s15,1,32d86cd25712f1c1f15a8c1c436b422437b73f4d,c0185c3b7ed575db3bb74d5ac3208b6f4b9a86699a05bc6320d3ef9f9aacd8d8,True,False,,1.156,30000,17622,0,0,1,17623,632,0,17,0,0,632,632,33395,632,0,,,0,17622,True
timed-250,smtlib-qfidl,DTP/DTP_k2_n35_c175_s15,1,32d86cd25712f1c1f15a8c1c436b422437b73f4d,c0185c3b7ed575db3bb74d5ac3208b6f4b9a86699a05bc6320d3ef9f9aacd8d8,True,False,,1.446,30000,22642,0,0,1,22643,589,0,90,0,0,589,589,40573,589,0,,,0,22642,True
timed-4000,smtlib-qfidl,DTP/DTP_k2_n35_c175_s15,1,32d86cd25712f1c1f15a8c1c436b422437b73f4d,c0185c3b7ed575db3bb74d5ac3208b6f4b9a86699a05bc6320d3ef9f9aacd8d8,True,False,,1.184,30000,16378,0,0,1,16379,650,0,4,0,0,650,650,33193,650,0,,,0,16378,True
baseline-1000,smtlib-qfidl,DTP/DTP_k2_n35_c175_s15,2,58ae735e7b527a9d5e1050a0111b78f38b8590f0,47e08fddaf216bb294f883b6b2af9c952dcf4681ded7234d34177367e0ed29b1,True,False,,1.235,30000,17622,0,0,1,17623,632,0,17,0,0,632,632,33395,,,,,,17622,True
timed-1000,smtlib-qfidl,DTP/DTP_k2_n35_c175_s15,2,32d86cd25712f1c1f15a8c1c436b422437b73f4d,c0185c3b7ed575db3bb74d5ac3208b6f4b9a86699a05bc6320d3ef9f9aacd8d8,True,False,,1.154,30000,17622,0,0,1,17623,632,0,17,0,0,632,632,33395,632,0,,,0,17622,True
timed-250,smtlib-qfidl,DTP/DTP_k2_n35_c175_s15,2,32d86cd25712f1c1f15a8c1c436b422437b73f4d,c0185c3b7ed575db3bb74d5ac3208b6f4b9a86699a05bc6320d3ef9f9aacd8d8,True,False,,1.444,30000,22642,0,0,1,22643,589,0,90,0,0,589,589,40573,589,0,,,0,22642,True
timed-4000,smtlib-qfidl,DTP/DTP_k2_n35_c175_s15,2,32d86cd25712f1c1f15a8c1c436b422437b73f4d,c0185c3b7ed575db3bb74d5ac3208b6f4b9a86699a05bc6320d3ef9f9aacd8d8,True,False,,1.2,30000,16378,0,0,1,16379,650,0,4,0,0,650,650,33193,650,0,,,0,16378,True
baseline-1000,smtlib-qfidl,DTP/DTP_k2_n35_c175_s18,0,58ae735e7b527a9d5e1050a0111b78f38b8590f0,47e08fddaf216bb294f883b6b2af9c952dcf4681ded7234d34177367e0ed29b1,,False,,6.835,30000,50000,0,0,0,50000,14338,0,50,24,10338,4000,4879,11186674,,,,,,50000,True
timed-1000,smtlib-qfidl,DTP/DTP_k2_n35_c175_s18,0,32d86cd25712f1c1f15a8c1c436b422437b73f4d,c0185c3b7ed575db3bb74d5ac3208b6f4b9a86699a05bc6320d3ef9f9aacd8d8,,False,,6.939,30000,50000,0,0,0,50000,14338,0,50,24,10338,4000,4879,11186674,14338,0,,,27782846,50000,True
timed-250,smtlib-qfidl,DTP/DTP_k2_n35_c175_s18,0,32d86cd25712f1c1f15a8c1c436b422437b73f4d,c0185c3b7ed575db3bb74d5ac3208b6f4b9a86699a05bc6320d3ef9f9aacd8d8,,False,,6.028,30000,50000,0,0,0,50000,11989,0,200,82,7989,4000,4282,9011954,11989,0,,,58550419,50000,True
timed-4000,smtlib-qfidl,DTP/DTP_k2_n35_c175_s18,0,32d86cd25712f1c1f15a8c1c436b422437b73f4d,c0185c3b7ed575db3bb74d5ac3208b6f4b9a86699a05bc6320d3ef9f9aacd8d8,,False,,7.689,30000,50000,0,0,0,50000,14316,0,12,5,9334,4982,6907,13209479,14316,0,,,16343487,50000,True
baseline-1000,smtlib-qfidl,DTP/DTP_k2_n35_c175_s18,1,58ae735e7b527a9d5e1050a0111b78f38b8590f0,47e08fddaf216bb294f883b6b2af9c952dcf4681ded7234d34177367e0ed29b1,,False,,7.374,30000,50000,0,0,0,50000,14338,0,50,24,10338,4000,4879,11186674,,,,,,50000,True
timed-1000,smtlib-qfidl,DTP/DTP_k2_n35_c175_s18,1,32d86cd25712f1c1f15a8c1c436b422437b73f4d,c0185c3b7ed575db3bb74d5ac3208b6f4b9a86699a05bc6320d3ef9f9aacd8d8,,False,,6.762,30000,50000,0,0,0,50000,14338,0,50,24,10338,4000,4879,11186674,14338,0,,,31172668,50000,True
timed-250,smtlib-qfidl,DTP/DTP_k2_n35_c175_s18,1,32d86cd25712f1c1f15a8c1c436b422437b73f4d,c0185c3b7ed575db3bb74d5ac3208b6f4b9a86699a05bc6320d3ef9f9aacd8d8,,False,,6.208,30000,50000,0,0,0,50000,11989,0,200,82,7989,4000,4282,9011954,11989,0,,,54912636,50000,True
timed-4000,smtlib-qfidl,DTP/DTP_k2_n35_c175_s18,1,32d86cd25712f1c1f15a8c1c436b422437b73f4d,c0185c3b7ed575db3bb74d5ac3208b6f4b9a86699a05bc6320d3ef9f9aacd8d8,,False,,6.889,30000,50000,0,0,0,50000,14316,0,12,5,9334,4982,6907,13209479,14316,0,,,17770472,50000,True
baseline-1000,smtlib-qfidl,DTP/DTP_k2_n35_c175_s18,2,58ae735e7b527a9d5e1050a0111b78f38b8590f0,47e08fddaf216bb294f883b6b2af9c952dcf4681ded7234d34177367e0ed29b1,,False,,7.142,30000,50000,0,0,0,50000,14338,0,50,24,10338,4000,4879,11186674,,,,,,50000,True
timed-1000,smtlib-qfidl,DTP/DTP_k2_n35_c175_s18,2,32d86cd25712f1c1f15a8c1c436b422437b73f4d,c0185c3b7ed575db3bb74d5ac3208b6f4b9a86699a05bc6320d3ef9f9aacd8d8,,False,,7.604,30000,50000,0,0,0,50000,14338,0,50,24,10338,4000,4879,11186674,14338,0,,,28923419,50000,True
timed-250,smtlib-qfidl,DTP/DTP_k2_n35_c175_s18,2,32d86cd25712f1c1f15a8c1c436b422437b73f4d,c0185c3b7ed575db3bb74d5ac3208b6f4b9a86699a05bc6320d3ef9f9aacd8d8,,False,,5.807,30000,50000,0,0,0,50000,11989,0,200,82,7989,4000,4282,9011954,11989,0,,,53991985,50000,True
timed-4000,smtlib-qfidl,DTP/DTP_k2_n35_c175_s18,2,32d86cd25712f1c1f15a8c1c436b422437b73f4d,c0185c3b7ed575db3bb74d5ac3208b6f4b9a86699a05bc6320d3ef9f9aacd8d8,,False,,7.243,30000,50000,0,0,0,50000,14316,0,12,5,9334,4982,6907,13209479,14316,0,,,17874615,50000,True
baseline-1000,smtlib-qfidl,DTP/DTP_k2_n35_c175_s2,0,58ae735e7b527a9d5e1050a0111b78f38b8590f0,47e08fddaf216bb294f883b6b2af9c952dcf4681ded7234d34177367e0ed29b1,,False,,9.172,30000,50000,0,0,0,50000,17233,0,50,24,13233,4000,4708,14508670,,,,,,50000,True
timed-1000,smtlib-qfidl,DTP/DTP_k2_n35_c175_s2,0,32d86cd25712f1c1f15a8c1c436b422437b73f4d,c0185c3b7ed575db3bb74d5ac3208b6f4b9a86699a05bc6320d3ef9f9aacd8d8,,False,,9.38,30000,50000,0,0,0,50000,17233,0,50,24,13233,4000,4708,14508670,17233,0,,,37401719,50000,True
timed-250,smtlib-qfidl,DTP/DTP_k2_n35_c175_s2,0,32d86cd25712f1c1f15a8c1c436b422437b73f4d,c0185c3b7ed575db3bb74d5ac3208b6f4b9a86699a05bc6320d3ef9f9aacd8d8,,False,,7.924,30000,50000,0,0,0,50000,12545,0,200,69,8545,4000,4184,9294726,12545,0,,,54885844,50000,True
timed-4000,smtlib-qfidl,DTP/DTP_k2_n35_c175_s2,0,32d86cd25712f1c1f15a8c1c436b422437b73f4d,c0185c3b7ed575db3bb74d5ac3208b6f4b9a86699a05bc6320d3ef9f9aacd8d8,,False,,9.927,30000,50000,0,0,0,50000,17406,0,12,6,10227,7179,8088,20981414,17406,0,,,19933633,50000,True
baseline-1000,smtlib-qfidl,DTP/DTP_k2_n35_c175_s2,1,58ae735e7b527a9d5e1050a0111b78f38b8590f0,47e08fddaf216bb294f883b6b2af9c952dcf4681ded7234d34177367e0ed29b1,,False,,10.108,30000,50000,0,0,0,50000,17233,0,50,24,13233,4000,4708,14508670,,,,,,50000,True
timed-1000,smtlib-qfidl,DTP/DTP_k2_n35_c175_s2,1,32d86cd25712f1c1f15a8c1c436b422437b73f4d,c0185c3b7ed575db3bb74d5ac3208b6f4b9a86699a05bc6320d3ef9f9aacd8d8,,False,,10.14,30000,50000,0,0,0,50000,17233,0,50,24,13233,4000,4708,14508670,17233,0,,,32787345,50000,True
timed-250,smtlib-qfidl,DTP/DTP_k2_n35_c175_s2,1,32d86cd25712f1c1f15a8c1c436b422437b73f4d,c0185c3b7ed575db3bb74d5ac3208b6f4b9a86699a05bc6320d3ef9f9aacd8d8,,False,,7.706,30000,50000,0,0,0,50000,12545,0,200,69,8545,4000,4184,9294726,12545,0,,,55817419,50000,True
timed-4000,smtlib-qfidl,DTP/DTP_k2_n35_c175_s2,1,32d86cd25712f1c1f15a8c1c436b422437b73f4d,c0185c3b7ed575db3bb74d5ac3208b6f4b9a86699a05bc6320d3ef9f9aacd8d8,,False,,9.605,30000,50000,0,0,0,50000,17406,0,12,6,10227,7179,8088,20981414,17406,0,,,22989507,50000,True
baseline-1000,smtlib-qfidl,DTP/DTP_k2_n35_c175_s2,2,58ae735e7b527a9d5e1050a0111b78f38b8590f0,47e08fddaf216bb294f883b6b2af9c952dcf4681ded7234d34177367e0ed29b1,,False,,9.267,30000,50000,0,0,0,50000,17233,0,50,24,13233,4000,4708,14508670,,,,,,50000,True
timed-1000,smtlib-qfidl,DTP/DTP_k2_n35_c175_s2,2,32d86cd25712f1c1f15a8c1c436b422437b73f4d,c0185c3b7ed575db3bb74d5ac3208b6f4b9a86699a05bc6320d3ef9f9aacd8d8,,False,,10.034,30000,50000,0,0,0,50000,17233,0,50,24,13233,4000,4708,14508670,17233,0,,,37942424,50000,True
timed-250,smtlib-qfidl,DTP/DTP_k2_n35_c175_s2,2,32d86cd25712f1c1f15a8c1c436b422437b73f4d,c0185c3b7ed575db3bb74d5ac3208b6f4b9a86699a05bc6320d3ef9f9aacd8d8,,False,,7.671,30000,50000,0,0,0,50000,12545,0,200,69,8545,4000,4184,9294726,12545,0,,,54855128,50000,True
timed-4000,smtlib-qfidl,DTP/DTP_k2_n35_c175_s2,2,32d86cd25712f1c1f15a8c1c436b422437b73f4d,c0185c3b7ed575db3bb74d5ac3208b6f4b9a86699a05bc6320d3ef9f9aacd8d8,,False,,9.62,30000,50000,0,0,0,50000,17406,0,12,6,10227,7179,8088,20981414,17406,0,,,22823907,50000,True
baseline-1000,smtlib-qfidl,DTP/DTP_k2_n35_c175_s3,0,58ae735e7b527a9d5e1050a0111b78f38b8590f0,47e08fddaf216bb294f883b6b2af9c952dcf4681ded7234d34177367e0ed29b1,,False,,7.742,30000,50000,0,0,0,50000,11982,0,50,19,7982,4000,4973,8725098,,,,,,50000,True
timed-1000,smtlib-qfidl,DTP/DTP_k2_n35_c175_s3,0,32d86cd25712f1c1f15a8c1c436b422437b73f4d,c0185c3b7ed575db3bb74d5ac3208b6f4b9a86699a05bc6320d3ef9f9aacd8d8,,False,,8.537,30000,50000,0,0,0,50000,11982,0,50,19,7982,4000,4973,8725098,11982,0,,,34615648,50000,True
timed-250,smtlib-qfidl,DTP/DTP_k2_n35_c175_s3,0,32d86cd25712f1c1f15a8c1c436b422437b73f4d,c0185c3b7ed575db3bb74d5ac3208b6f4b9a86699a05bc6320d3ef9f9aacd8d8,,False,,5.95,30000,50000,0,0,0,50000,8023,0,200,52,4023,4000,4146,5010507,8023,0,,,47550334,50000,True
timed-4000,smtlib-qfidl,DTP/DTP_k2_n35_c175_s3,0,32d86cd25712f1c1f15a8c1c436b422437b73f4d,c0185c3b7ed575db3bb74d5ac3208b6f4b9a86699a05bc6320d3ef9f9aacd8d8,,False,,8.474,30000,50000,0,0,0,50000,11901,0,12,4,7160,4741,7083,10111255,11901,0,,,17096584,50000,True
baseline-1000,smtlib-qfidl,DTP/DTP_k2_n35_c175_s3,1,58ae735e7b527a9d5e1050a0111b78f38b8590f0,47e08fddaf216bb294f883b6b2af9c952dcf4681ded7234d34177367e0ed29b1,,False,,7.301,30000,50000,0,0,0,50000,11982,0,50,19,7982,4000,4973,8725098,,,,,,50000,True
timed-1000,smtlib-qfidl,DTP/DTP_k2_n35_c175_s3,1,32d86cd25712f1c1f15a8c1c436b422437b73f4d,c0185c3b7ed575db3bb74d5ac3208b6f4b9a86699a05bc6320d3ef9f9aacd8d8,,False,,8.077,30000,50000,0,0,0,50000,11982,0,50,19,7982,4000,4973,8725098,11982,0,,,28737904,50000,True
timed-250,smtlib-qfidl,DTP/DTP_k2_n35_c175_s3,1,32d86cd25712f1c1f15a8c1c436b422437b73f4d,c0185c3b7ed575db3bb74d5ac3208b6f4b9a86699a05bc6320d3ef9f9aacd8d8,,False,,5.74,30000,50000,0,0,0,50000,8023,0,200,52,4023,4000,4146,5010507,8023,0,,,46882397,50000,True
timed-4000,smtlib-qfidl,DTP/DTP_k2_n35_c175_s3,1,32d86cd25712f1c1f15a8c1c436b422437b73f4d,c0185c3b7ed575db3bb74d5ac3208b6f4b9a86699a05bc6320d3ef9f9aacd8d8,,False,,7.785,30000,50000,0,0,0,50000,11901,0,12,4,7160,4741,7083,10111255,11901,0,,,19464770,50000,True
baseline-1000,smtlib-qfidl,DTP/DTP_k2_n35_c175_s3,2,58ae735e7b527a9d5e1050a0111b78f38b8590f0,47e08fddaf216bb294f883b6b2af9c952dcf4681ded7234d34177367e0ed29b1,,False,,7.572,30000,50000,0,0,0,50000,11982,0,50,19,7982,4000,4973,8725098,,,,,,50000,True
timed-1000,smtlib-qfidl,DTP/DTP_k2_n35_c175_s3,2,32d86cd25712f1c1f15a8c1c436b422437b73f4d,c0185c3b7ed575db3bb74d5ac3208b6f4b9a86699a05bc6320d3ef9f9aacd8d8,,False,,7.586,30000,50000,0,0,0,50000,11982,0,50,19,7982,4000,4973,8725098,11982,0,,,30015576,50000,True
timed-250,smtlib-qfidl,DTP/DTP_k2_n35_c175_s3,2,32d86cd25712f1c1f15a8c1c436b422437b73f4d,c0185c3b7ed575db3bb74d5ac3208b6f4b9a86699a05bc6320d3ef9f9aacd8d8,,False,,6.06,30000,50000,0,0,0,50000,8023,0,200,52,4023,4000,4146,5010507,8023,0,,,53460062,50000,True
timed-4000,smtlib-qfidl,DTP/DTP_k2_n35_c175_s3,2,32d86cd25712f1c1f15a8c1c436b422437b73f4d,c0185c3b7ed575db3bb74d5ac3208b6f4b9a86699a05bc6320d3ef9f9aacd8d8,,False,,8.522,30000,50000,0,0,0,50000,11901,0,12,4,7160,4741,7083,10111255,11901,0,,,14554863,50000,True
baseline-1000,smtlib-qfidl,DTP/DTP_k2_n35_c175_s4,0,58ae735e7b527a9d5e1050a0111b78f38b8590f0,47e08fddaf216bb294f883b6b2af9c952dcf4681ded7234d34177367e0ed29b1,True,False,,6.17,30000,47889,0,0,1,47890,10997,0,47,20,6963,4034,4539,8522666,,,,,,47889,True
timed-1000,smtlib-qfidl,DTP/DTP_k2_n35_c175_s4,0,32d86cd25712f1c1f15a8c1c436b422437b73f4d,c0185c3b7ed575db3bb74d5ac3208b6f4b9a86699a05bc6320d3ef9f9aacd8d8,True,False,,5.56,30000,47889,0,0,1,47890,10997,0,47,20,6963,4034,4539,8522666,10997,0,,,26401723,47889,True
timed-250,smtlib-qfidl,DTP/DTP_k2_n35_c175_s4,0,32d86cd25712f1c1f15a8c1c436b422437b73f4d,c0185c3b7ed575db3bb74d5ac3208b6f4b9a86699a05bc6320d3ef9f9aacd8d8,,False,,4.964,30000,50000,0,0,0,50000,8340,0,200,69,4340,4000,4153,5076279,8340,0,,,49896889,50000,True
timed-4000,smtlib-qfidl,DTP/DTP_k2_n35_c175_s4,0,32d86cd25712f1c1f15a8c1c436b422437b73f4d,c0185c3b7ed575db3bb74d5ac3208b6f4b9a86699a05bc6320d3ef9f9aacd8d8,,False,,5.712,30000,50000,0,0,0,50000,11139,0,12,5,6238,4901,5570,9201366,11139,0,,,17102173,50000,True
baseline-1000,smtlib-qfidl,DTP/DTP_k2_n35_c175_s4,1,58ae735e7b527a9d5e1050a0111b78f38b8590f0,47e08fddaf216bb294f883b6b2af9c952dcf4681ded7234d34177367e0ed29b1,True,False,,6.255,30000,47889,0,0,1,47890,10997,0,47,20,6963,4034,4539,8522666,,,,,,47889,True
timed-1000,smtlib-qfidl,DTP/DTP_k2_n35_c175_s4,1,32d86cd25712f1c1f15a8c1c436b422437b73f4d,c0185c3b7ed575db3bb74d5ac3208b6f4b9a86699a05bc6320d3ef9f9aacd8d8,True,False,,6.074,30000,47889,0,0,1,47890,10997,0,47,20,6963,4034,4539,8522666,10997,0,,,26595023,47889,True
timed-250,smtlib-qfidl,DTP/DTP_k2_n35_c175_s4,1,32d86cd25712f1c1f15a8c1c436b422437b73f4d,c0185c3b7ed575db3bb74d5ac3208b6f4b9a86699a05bc6320d3ef9f9aacd8d8,,False,,5.262,30000,50000,0,0,0,50000,8340,0,200,69,4340,4000,4153,5076279,8340,0,,,55717303,50000,True
timed-4000,smtlib-qfidl,DTP/DTP_k2_n35_c175_s4,1,32d86cd25712f1c1f15a8c1c436b422437b73f4d,c0185c3b7ed575db3bb74d5ac3208b6f4b9a86699a05bc6320d3ef9f9aacd8d8,,False,,6.211,30000,50000,0,0,0,50000,11139,0,12,5,6238,4901,5570,9201366,11139,0,,,14968874,50000,True
baseline-1000,smtlib-qfidl,DTP/DTP_k2_n35_c175_s4,2,58ae735e7b527a9d5e1050a0111b78f38b8590f0,47e08fddaf216bb294f883b6b2af9c952dcf4681ded7234d34177367e0ed29b1,True,False,,6.338,30000,47889,0,0,1,47890,10997,0,47,20,6963,4034,4539,8522666,,,,,,47889,True
timed-1000,smtlib-qfidl,DTP/DTP_k2_n35_c175_s4,2,32d86cd25712f1c1f15a8c1c436b422437b73f4d,c0185c3b7ed575db3bb74d5ac3208b6f4b9a86699a05bc6320d3ef9f9aacd8d8,True,False,,6.222,30000,47889,0,0,1,47890,10997,0,47,20,6963,4034,4539,8522666,10997,0,,,28664965,47889,True
timed-250,smtlib-qfidl,DTP/DTP_k2_n35_c175_s4,2,32d86cd25712f1c1f15a8c1c436b422437b73f4d,c0185c3b7ed575db3bb74d5ac3208b6f4b9a86699a05bc6320d3ef9f9aacd8d8,,False,,4.75,30000,50000,0,0,0,50000,8340,0,200,69,4340,4000,4153,5076279,8340,0,,,51065106,50000,True
timed-4000,smtlib-qfidl,DTP/DTP_k2_n35_c175_s4,2,32d86cd25712f1c1f15a8c1c436b422437b73f4d,c0185c3b7ed575db3bb74d5ac3208b6f4b9a86699a05bc6320d3ef9f9aacd8d8,,False,,5.69,30000,50000,0,0,0,50000,11139,0,12,5,6238,4901,5570,9201366,11139,0,,,17425825,50000,True
baseline-1000,smtlib-qfidl,DTP/DTP_k2_n35_c175_s5,0,58ae735e7b527a9d5e1050a0111b78f38b8590f0,47e08fddaf216bb294f883b6b2af9c952dcf4681ded7234d34177367e0ed29b1,True,False,,1.256,30000,18759,0,0,1,18760,848,0,18,0,0,848,848,51641,,,,,,18759,True
timed-1000,smtlib-qfidl,DTP/DTP_k2_n35_c175_s5,0,32d86cd25712f1c1f15a8c1c436b422437b73f4d,c0185c3b7ed575db3bb74d5ac3208b6f4b9a86699a05bc6320d3ef9f9aacd8d8,True,False,,1.384,30000,18759,0,0,1,18760,848,0,18,0,0,848,848,51641,848,0,,,0,18759,True
timed-250,smtlib-qfidl,DTP/DTP_k2_n35_c175_s5,0,32d86cd25712f1c1f15a8c1c436b422437b73f4d,c0185c3b7ed575db3bb74d5ac3208b6f4b9a86699a05bc6320d3ef9f9aacd8d8,True,False,,1.579,30000,26745,0,0,1,26746,867,0,106,0,0,867,867,69133,867,0,,,0,26745,True
timed-4000,smtlib-qfidl,DTP/DTP_k2_n35_c175_s5,0,32d86cd25712f1c1f15a8c1c436b422437b73f4d,c0185c3b7ed575db3bb74d5ac3208b6f4b9a86699a05bc6320d3ef9f9aacd8d8,True,False,,1.467,30000,20888,0,0,1,20889,1097,0,5,0,0,1097,1097,84297,1097,0,,,0,20888,True
baseline-1000,smtlib-qfidl,DTP/DTP_k2_n35_c175_s5,1,58ae735e7b527a9d5e1050a0111b78f38b8590f0,47e08fddaf216bb294f883b6b2af9c952dcf4681ded7234d34177367e0ed29b1,True,False,,1.266,30000,18759,0,0,1,18760,848,0,18,0,0,848,848,51641,,,,,,18759,True
timed-1000,smtlib-qfidl,DTP/DTP_k2_n35_c175_s5,1,32d86cd25712f1c1f15a8c1c436b422437b73f4d,c0185c3b7ed575db3bb74d5ac3208b6f4b9a86699a05bc6320d3ef9f9aacd8d8,True,False,,1.413,30000,18759,0,0,1,18760,848,0,18,0,0,848,848,51641,848,0,,,0,18759,True
timed-250,smtlib-qfidl,DTP/DTP_k2_n35_c175_s5,1,32d86cd25712f1c1f15a8c1c436b422437b73f4d,c0185c3b7ed575db3bb74d5ac3208b6f4b9a86699a05bc6320d3ef9f9aacd8d8,True,False,,1.534,30000,26745,0,0,1,26746,867,0,106,0,0,867,867,69133,867,0,,,0,26745,True
timed-4000,smtlib-qfidl,DTP/DTP_k2_n35_c175_s5,1,32d86cd25712f1c1f15a8c1c436b422437b73f4d,c0185c3b7ed575db3bb74d5ac3208b6f4b9a86699a05bc6320d3ef9f9aacd8d8,True,False,,1.368,30000,20888,0,0,1,20889,1097,0,5,0,0,1097,1097,84297,1097,0,,,0,20888,True
baseline-1000,smtlib-qfidl,DTP/DTP_k2_n35_c175_s5,2,58ae735e7b527a9d5e1050a0111b78f38b8590f0,47e08fddaf216bb294f883b6b2af9c952dcf4681ded7234d34177367e0ed29b1,True,False,,1.324,30000,18759,0,0,1,18760,848,0,18,0,0,848,848,51641,,,,,,18759,True
timed-1000,smtlib-qfidl,DTP/DTP_k2_n35_c175_s5,2,32d86cd25712f1c1f15a8c1c436b422437b73f4d,c0185c3b7ed575db3bb74d5ac3208b6f4b9a86699a05bc6320d3ef9f9aacd8d8,True,False,,1.388,30000,18759,0,0,1,18760,848,0,18,0,0,848,848,51641,848,0,,,0,18759,True
timed-250,smtlib-qfidl,DTP/DTP_k2_n35_c175_s5,2,32d86cd25712f1c1f15a8c1c436b422437b73f4d,c0185c3b7ed575db3bb74d5ac3208b6f4b9a86699a05bc6320d3ef9f9aacd8d8,True,False,,1.661,30000,26745,0,0,1,26746,867,0,106,0,0,867,867,69133,867,0,,,0,26745,True
timed-4000,smtlib-qfidl,DTP/DTP_k2_n35_c175_s5,2,32d86cd25712f1c1f15a8c1c436b422437b73f4d,c0185c3b7ed575db3bb74d5ac3208b6f4b9a86699a05bc6320d3ef9f9aacd8d8,True,False,,1.482,30000,20888,0,0,1,20889,1097,0,5,0,0,1097,1097,84297,1097,0,,,0,20888,True
baseline-1000,smtlib-qfidl,DTP/DTP_k2_n35_c175_s6,0,58ae735e7b527a9d5e1050a0111b78f38b8590f0,47e08fddaf216bb294f883b6b2af9c952dcf4681ded7234d34177367e0ed29b1,,False,,7.326,30000,50000,0,0,0,50000,13352,0,50,24,9352,4000,4620,9719011,,,,,,50000,True
timed-1000,smtlib-qfidl,DTP/DTP_k2_n35_c175_s6,0,32d86cd25712f1c1f15a8c1c436b422437b73f4d,c0185c3b7ed575db3bb74d5ac3208b6f4b9a86699a05bc6320d3ef9f9aacd8d8,,False,,7.512,30000,50000,0,0,0,50000,13352,0,50,24,9352,4000,4620,9719011,13352,0,,,28109248,50000,True
timed-250,smtlib-qfidl,DTP/DTP_k2_n35_c175_s6,0,32d86cd25712f1c1f15a8c1c436b422437b73f4d,c0185c3b7ed575db3bb74d5ac3208b6f4b9a86699a05bc6320d3ef9f9aacd8d8,,False,,5.794,30000,50000,0,0,0,50000,8384,0,200,72,4384,4000,4154,5104161,8384,0,,,49752123,50000,True
timed-4000,smtlib-qfidl,DTP/DTP_k2_n35_c175_s6,0,32d86cd25712f1c1f15a8c1c436b422437b73f4d,c0185c3b7ed575db3bb74d5ac3208b6f4b9a86699a05bc6320d3ef9f9aacd8d8,,False,,7.72,30000,50000,0,0,0,50000,14217,0,12,6,8838,5379,6718,13922031,14217,0,,,16749686,50000,True
baseline-1000,smtlib-qfidl,DTP/DTP_k2_n35_c175_s6,1,58ae735e7b527a9d5e1050a0111b78f38b8590f0,47e08fddaf216bb294f883b6b2af9c952dcf4681ded7234d34177367e0ed29b1,,False,,7.288,30000,50000,0,0,0,50000,13352,0,50,24,9352,4000,4620,9719011,,,,,,50000,True
timed-1000,smtlib-qfidl,DTP/DTP_k2_n35_c175_s6,1,32d86cd25712f1c1f15a8c1c436b422437b73f4d,c0185c3b7ed575db3bb74d5ac3208b6f4b9a86699a05bc6320d3ef9f9aacd8d8,,False,,7.658,30000,50000,0,0,0,50000,13352,0,50,24,9352,4000,4620,9719011,13352,0,,,32976026,50000,True
timed-250,smtlib-qfidl,DTP/DTP_k2_n35_c175_s6,1,32d86cd25712f1c1f15a8c1c436b422437b73f4d,c0185c3b7ed575db3bb74d5ac3208b6f4b9a86699a05bc6320d3ef9f9aacd8d8,,False,,5.474,30000,50000,0,0,0,50000,8384,0,200,72,4384,4000,4154,5104161,8384,0,,,52856853,50000,True
timed-4000,smtlib-qfidl,DTP/DTP_k2_n35_c175_s6,1,32d86cd25712f1c1f15a8c1c436b422437b73f4d,c0185c3b7ed575db3bb74d5ac3208b6f4b9a86699a05bc6320d3ef9f9aacd8d8,,False,,8.283,30000,50000,0,0,0,50000,14217,0,12,6,8838,5379,6718,13922031,14217,0,,,20311316,50000,True
baseline-1000,smtlib-qfidl,DTP/DTP_k2_n35_c175_s6,2,58ae735e7b527a9d5e1050a0111b78f38b8590f0,47e08fddaf216bb294f883b6b2af9c952dcf4681ded7234d34177367e0ed29b1,,False,,7.324,30000,50000,0,0,0,50000,13352,0,50,24,9352,4000,4620,9719011,,,,,,50000,True
timed-1000,smtlib-qfidl,DTP/DTP_k2_n35_c175_s6,2,32d86cd25712f1c1f15a8c1c436b422437b73f4d,c0185c3b7ed575db3bb74d5ac3208b6f4b9a86699a05bc6320d3ef9f9aacd8d8,,False,,7.486,30000,50000,0,0,0,50000,13352,0,50,24,9352,4000,4620,9719011,13352,0,,,27440302,50000,True
timed-250,smtlib-qfidl,DTP/DTP_k2_n35_c175_s6,2,32d86cd25712f1c1f15a8c1c436b422437b73f4d,c0185c3b7ed575db3bb74d5ac3208b6f4b9a86699a05bc6320d3ef9f9aacd8d8,,False,,4.977,30000,50000,0,0,0,50000,8384,0,200,72,4384,4000,4154,5104161,8384,0,,,50012570,50000,True
timed-4000,smtlib-qfidl,DTP/DTP_k2_n35_c175_s6,2,32d86cd25712f1c1f15a8c1c436b422437b73f4d,c0185c3b7ed575db3bb74d5ac3208b6f4b9a86699a05bc6320d3ef9f9aacd8d8,,False,,7.836,30000,50000,0,0,0,50000,14217,0,12,6,8838,5379,6718,13922031,14217,0,,,20362782,50000,True
baseline-1000,smtlib-qfidl,DTP/DTP_k2_n35_c175_s7,0,58ae735e7b527a9d5e1050a0111b78f38b8590f0,47e08fddaf216bb294f883b6b2af9c952dcf4681ded7234d34177367e0ed29b1,,False,,9.378,30000,50000,0,0,0,50000,16700,0,50,31,12700,4000,4643,12228740,,,,,,50000,True
timed-1000,smtlib-qfidl,DTP/DTP_k2_n35_c175_s7,0,32d86cd25712f1c1f15a8c1c436b422437b73f4d,c0185c3b7ed575db3bb74d5ac3208b6f4b9a86699a05bc6320d3ef9f9aacd8d8,,False,,10.567,30000,50000,0,0,0,50000,16700,0,50,31,12700,4000,4643,12228740,16700,0,,,41087761,50000,True
timed-250,smtlib-qfidl,DTP/DTP_k2_n35_c175_s7,0,32d86cd25712f1c1f15a8c1c436b422437b73f4d,c0185c3b7ed575db3bb74d5ac3208b6f4b9a86699a05bc6320d3ef9f9aacd8d8,,False,,8.061,30000,50000,0,0,0,50000,13024,0,200,109,9024,4000,4206,8458352,13024,0,,,70898334,50000,True
timed-4000,smtlib-qfidl,DTP/DTP_k2_n35_c175_s7,0,32d86cd25712f1c1f15a8c1c436b422437b73f4d,c0185c3b7ed575db3bb74d5ac3208b6f4b9a86699a05bc6320d3ef9f9aacd8d8,,False,,10.011,30000,50000,0,0,0,50000,18088,0,12,7,12181,5907,6737,16871288,18088,0,,,21414220,50000,True
baseline-1000,smtlib-qfidl,DTP/DTP_k2_n35_c175_s7,1,58ae735e7b527a9d5e1050a0111b78f38b8590f0,47e08fddaf216bb294f883b6b2af9c952dcf4681ded7234d34177367e0ed29b1,,False,,9.595,30000,50000,0,0,0,50000,16700,0,50,31,12700,4000,4643,12228740,,,,,,50000,True
timed-1000,smtlib-qfidl,DTP/DTP_k2_n35_c175_s7,1,32d86cd25712f1c1f15a8c1c436b422437b73f4d,c0185c3b7ed575db3bb74d5ac3208b6f4b9a86699a05bc6320d3ef9f9aacd8d8,,False,,9.63,30000,50000,0,0,0,50000,16700,0,50,31,12700,4000,4643,12228740,16700,0,,,37710495,50000,True
timed-250,smtlib-qfidl,DTP/DTP_k2_n35_c175_s7,1,32d86cd25712f1c1f15a8c1c436b422437b73f4d,c0185c3b7ed575db3bb74d5ac3208b6f4b9a86699a05bc6320d3ef9f9aacd8d8,,False,,8.175,30000,50000,0,0,0,50000,13024,0,200,109,9024,4000,4206,8458352,13024,0,,,70975303,50000,True
timed-4000,smtlib-qfidl,DTP/DTP_k2_n35_c175_s7,1,32d86cd25712f1c1f15a8c1c436b422437b73f4d,c0185c3b7ed575db3bb74d5ac3208b6f4b9a86699a05bc6320d3ef9f9aacd8d8,,False,,10.034,30000,50000,0,0,0,50000,18088,0,12,7,12181,5907,6737,16871288,18088,0,,,21314864,50000,True
baseline-1000,smtlib-qfidl,DTP/DTP_k2_n35_c175_s7,2,58ae735e7b527a9d5e1050a0111b78f38b8590f0,47e08fddaf216bb294f883b6b2af9c952dcf4681ded7234d34177367e0ed29b1,,False,,9.385,30000,50000,0,0,0,50000,16700,0,50,31,12700,4000,4643,12228740,,,,,,50000,True
timed-1000,smtlib-qfidl,DTP/DTP_k2_n35_c175_s7,2,32d86cd25712f1c1f15a8c1c436b422437b73f4d,c0185c3b7ed575db3bb74d5ac3208b6f4b9a86699a05bc6320d3ef9f9aacd8d8,,False,,9.59,30000,50000,0,0,0,50000,16700,0,50,31,12700,4000,4643,12228740,16700,0,,,35897847,50000,True
timed-250,smtlib-qfidl,DTP/DTP_k2_n35_c175_s7,2,32d86cd25712f1c1f15a8c1c436b422437b73f4d,c0185c3b7ed575db3bb74d5ac3208b6f4b9a86699a05bc6320d3ef9f9aacd8d8,,False,,8.137,30000,50000,0,0,0,50000,13024,0,200,109,9024,4000,4206,8458352,13024,0,,,69915335,50000,True
timed-4000,smtlib-qfidl,DTP/DTP_k2_n35_c175_s7,2,32d86cd25712f1c1f15a8c1c436b422437b73f4d,c0185c3b7ed575db3bb74d5ac3208b6f4b9a86699a05bc6320d3ef9f9aacd8d8,,False,,10.01,30000,50000,0,0,0,50000,18088,0,12,7,12181,5907,6737,16871288,18088,0,,,21393250,50000,True
baseline-1000,smtlib-qfidl,DTP/DTP_k2_n35_c175_s8,0,58ae735e7b527a9d5e1050a0111b78f38b8590f0,47e08fddaf216bb294f883b6b2af9c952dcf4681ded7234d34177367e0ed29b1,,False,,7.454,30000,50000,0,0,0,50000,13814,0,50,26,9814,4000,4614,9921820,,,,,,50000,True
timed-1000,smtlib-qfidl,DTP/DTP_k2_n35_c175_s8,0,32d86cd25712f1c1f15a8c1c436b422437b73f4d,c0185c3b7ed575db3bb74d5ac3208b6f4b9a86699a05bc6320d3ef9f9aacd8d8,,False,,7.545,30000,50000,0,0,0,50000,13814,0,50,26,9814,4000,4614,9921820,13814,0,,,35299734,50000,True
timed-250,smtlib-qfidl,DTP/DTP_k2_n35_c175_s8,0,32d86cd25712f1c1f15a8c1c436b422437b73f4d,c0185c3b7ed575db3bb74d5ac3208b6f4b9a86699a05bc6320d3ef9f9aacd8d8,,False,,7.174,30000,50000,0,0,0,50000,11687,0,200,90,7687,4000,4193,7715664,11687,0,,,61478541,50000,True
timed-4000,smtlib-qfidl,DTP/DTP_k2_n35_c175_s8,0,32d86cd25712f1c1f15a8c1c436b422437b73f4d,c0185c3b7ed575db3bb74d5ac3208b6f4b9a86699a05bc6320d3ef9f9aacd8d8,,False,,8.212,30000,50000,0,0,0,50000,14500,0,12,6,9257,5243,5908,11831708,14500,0,,,21618208,50000,True
baseline-1000,smtlib-qfidl,DTP/DTP_k2_n35_c175_s8,1,58ae735e7b527a9d5e1050a0111b78f38b8590f0,47e08fddaf216bb294f883b6b2af9c952dcf4681ded7234d34177367e0ed29b1,,False,,7.454,30000,50000,0,0,0,50000,13814,0,50,26,9814,4000,4614,9921820,,,,,,50000,True
timed-1000,smtlib-qfidl,DTP/DTP_k2_n35_c175_s8,1,32d86cd25712f1c1f15a8c1c436b422437b73f4d,c0185c3b7ed575db3bb74d5ac3208b6f4b9a86699a05bc6320d3ef9f9aacd8d8,,False,,7.553,30000,50000,0,0,0,50000,13814,0,50,26,9814,4000,4614,9921820,13814,0,,,34280846,50000,True
timed-250,smtlib-qfidl,DTP/DTP_k2_n35_c175_s8,1,32d86cd25712f1c1f15a8c1c436b422437b73f4d,c0185c3b7ed575db3bb74d5ac3208b6f4b9a86699a05bc6320d3ef9f9aacd8d8,,False,,6.926,30000,50000,0,0,0,50000,11687,0,200,90,7687,4000,4193,7715664,11687,0,,,62550656,50000,True
timed-4000,smtlib-qfidl,DTP/DTP_k2_n35_c175_s8,1,32d86cd25712f1c1f15a8c1c436b422437b73f4d,c0185c3b7ed575db3bb74d5ac3208b6f4b9a86699a05bc6320d3ef9f9aacd8d8,,False,,7.78,30000,50000,0,0,0,50000,14500,0,12,6,9257,5243,5908,11831708,14500,0,,,18585099,50000,True
baseline-1000,smtlib-qfidl,DTP/DTP_k2_n35_c175_s8,2,58ae735e7b527a9d5e1050a0111b78f38b8590f0,47e08fddaf216bb294f883b6b2af9c952dcf4681ded7234d34177367e0ed29b1,,False,,7.685,30000,50000,0,0,0,50000,13814,0,50,26,9814,4000,4614,9921820,,,,,,50000,True
timed-1000,smtlib-qfidl,DTP/DTP_k2_n35_c175_s8,2,32d86cd25712f1c1f15a8c1c436b422437b73f4d,c0185c3b7ed575db3bb74d5ac3208b6f4b9a86699a05bc6320d3ef9f9aacd8d8,,False,,7.44,30000,50000,0,0,0,50000,13814,0,50,26,9814,4000,4614,9921820,13814,0,,,33309548,50000,True
timed-250,smtlib-qfidl,DTP/DTP_k2_n35_c175_s8,2,32d86cd25712f1c1f15a8c1c436b422437b73f4d,c0185c3b7ed575db3bb74d5ac3208b6f4b9a86699a05bc6320d3ef9f9aacd8d8,,False,,7.166,30000,50000,0,0,0,50000,11687,0,200,90,7687,4000,4193,7715664,11687,0,,,60203442,50000,True
timed-4000,smtlib-qfidl,DTP/DTP_k2_n35_c175_s8,2,32d86cd25712f1c1f15a8c1c436b422437b73f4d,c0185c3b7ed575db3bb74d5ac3208b6f4b9a86699a05bc6320d3ef9f9aacd8d8,,False,,7.761,30000,50000,0,0,0,50000,14500,0,12,6,9257,5243,5908,11831708,14500,0,,,20641537,50000,True
baseline-1000,smtlib-qfidl,DTP/DTP_k2_n35_c175_s9,0,58ae735e7b527a9d5e1050a0111b78f38b8590f0,47e08fddaf216bb294f883b6b2af9c952dcf4681ded7234d34177367e0ed29b1,True,False,,1.977,30000,26853,0,0,1,26854,2176,0,26,0,0,2176,2176,382375,,,,,,26853,True
timed-1000,smtlib-qfidl,DTP/DTP_k2_n35_c175_s9,0,32d86cd25712f1c1f15a8c1c436b422437b73f4d,c0185c3b7ed575db3bb74d5ac3208b6f4b9a86699a05bc6320d3ef9f9aacd8d8,True,False,,1.948,30000,26853,0,0,1,26854,2176,0,26,0,0,2176,2176,382375,2176,0,,,0,26853,True
timed-250,smtlib-qfidl,DTP/DTP_k2_n35_c175_s9,0,32d86cd25712f1c1f15a8c1c436b422437b73f4d,c0185c3b7ed575db3bb74d5ac3208b6f4b9a86699a05bc6320d3ef9f9aacd8d8,True,False,,2.373,30000,33872,0,0,1,33873,2264,0,135,0,0,2264,2264,432498,2264,0,,,0,33872,True
timed-4000,smtlib-qfidl,DTP/DTP_k2_n35_c175_s9,0,32d86cd25712f1c1f15a8c1c436b422437b73f4d,c0185c3b7ed575db3bb74d5ac3208b6f4b9a86699a05bc6320d3ef9f9aacd8d8,True,False,,1.84,30000,25825,0,0,1,25826,2270,0,6,0,0,2270,2270,404087,2270,0,,,0,25825,True
baseline-1000,smtlib-qfidl,DTP/DTP_k2_n35_c175_s9,1,58ae735e7b527a9d5e1050a0111b78f38b8590f0,47e08fddaf216bb294f883b6b2af9c952dcf4681ded7234d34177367e0ed29b1,True,False,,1.974,30000,26853,0,0,1,26854,2176,0,26,0,0,2176,2176,382375,,,,,,26853,True
timed-1000,smtlib-qfidl,DTP/DTP_k2_n35_c175_s9,1,32d86cd25712f1c1f15a8c1c436b422437b73f4d,c0185c3b7ed575db3bb74d5ac3208b6f4b9a86699a05bc6320d3ef9f9aacd8d8,True,False,,1.987,30000,26853,0,0,1,26854,2176,0,26,0,0,2176,2176,382375,2176,0,,,0,26853,True
timed-250,smtlib-qfidl,DTP/DTP_k2_n35_c175_s9,1,32d86cd25712f1c1f15a8c1c436b422437b73f4d,c0185c3b7ed575db3bb74d5ac3208b6f4b9a86699a05bc6320d3ef9f9aacd8d8,True,False,,2.241,30000,33872,0,0,1,33873,2264,0,135,0,0,2264,2264,432498,2264,0,,,0,33872,True
timed-4000,smtlib-qfidl,DTP/DTP_k2_n35_c175_s9,1,32d86cd25712f1c1f15a8c1c436b422437b73f4d,c0185c3b7ed575db3bb74d5ac3208b6f4b9a86699a05bc6320d3ef9f9aacd8d8,True,False,,1.875,30000,25825,0,0,1,25826,2270,0,6,0,0,2270,2270,404087,2270,0,,,0,25825,True
baseline-1000,smtlib-qfidl,DTP/DTP_k2_n35_c175_s9,2,58ae735e7b527a9d5e1050a0111b78f38b8590f0,47e08fddaf216bb294f883b6b2af9c952dcf4681ded7234d34177367e0ed29b1,True,False,,1.882,30000,26853,0,0,1,26854,2176,0,26,0,0,2176,2176,382375,,,,,,26853,True
timed-1000,smtlib-qfidl,DTP/DTP_k2_n35_c175_s9,2,32d86cd25712f1c1f15a8c1c436b422437b73f4d,c0185c3b7ed575db3bb74d5ac3208b6f4b9a86699a05bc6320d3ef9f9aacd8d8,True,False,,1.932,30000,26853,0,0,1,26854,2176,0,26,0,0,2176,2176,382375,2176,0,,,0,26853,True
timed-250,smtlib-qfidl,DTP/DTP_k2_n35_c175_s9,2,32d86cd25712f1c1f15a8c1c436b422437b73f4d,c0185c3b7ed575db3bb74d5ac3208b6f4b9a86699a05bc6320d3ef9f9aacd8d8,True,False,,2.188,30000,33872,0,0,1,33873,2264,0,135,0,0,2264,2264,432498,2264,0,,,0,33872,True
timed-4000,smtlib-qfidl,DTP/DTP_k2_n35_c175_s9,2,32d86cd25712f1c1f15a8c1c436b422437b73f4d,c0185c3b7ed575db3bb74d5ac3208b6f4b9a86699a05bc6320d3ef9f9aacd8d8,True,False,,2.01,30000,25825,0,0,1,25826,2270,0,6,0,0,2270,2270,404087,2270,0,,,0,25825,True
baseline-1000,smtlib-qfidl,DTP/DTP_k2_n35_c210_s12,0,58ae735e7b527a9d5e1050a0111b78f38b8590f0,47e08fddaf216bb294f883b6b2af9c952dcf4681ded7234d34177367e0ed29b1,,False,,8.783,30000,50000,0,0,0,50000,11948,0,50,19,7948,4000,4605,7193245,,,,,,50000,True
timed-1000,smtlib-qfidl,DTP/DTP_k2_n35_c210_s12,0,32d86cd25712f1c1f15a8c1c436b422437b73f4d,c0185c3b7ed575db3bb74d5ac3208b6f4b9a86699a05bc6320d3ef9f9aacd8d8,,False,,7.161,30000,50000,0,0,0,50000,11948,0,50,19,7948,4000,4605,7193245,11948,0,,,25509530,50000,True
timed-250,smtlib-qfidl,DTP/DTP_k2_n35_c210_s12,0,32d86cd25712f1c1f15a8c1c436b422437b73f4d,c0185c3b7ed575db3bb74d5ac3208b6f4b9a86699a05bc6320d3ef9f9aacd8d8,,False,,4.805,30000,50000,0,0,0,50000,6775,0,200,44,2775,4000,4152,3148541,6775,0,,,42368270,50000,True
timed-4000,smtlib-qfidl,DTP/DTP_k2_n35_c210_s12,0,32d86cd25712f1c1f15a8c1c436b422437b73f4d,c0185c3b7ed575db3bb74d5ac3208b6f4b9a86699a05bc6320d3ef9f9aacd8d8,,False,,7.305,30000,50000,0,0,0,50000,12026,0,12,4,6988,5038,6092,8227062,12026,0,,,12790802,50000,True
baseline-1000,smtlib-qfidl,DTP/DTP_k2_n35_c210_s12,1,58ae735e7b527a9d5e1050a0111b78f38b8590f0,47e08fddaf216bb294f883b6b2af9c952dcf4681ded7234d34177367e0ed29b1,,False,,6.65,30000,50000,0,0,0,50000,11948,0,50,19,7948,4000,4605,7193245,,,,,,50000,True
timed-1000,smtlib-qfidl,DTP/DTP_k2_n35_c210_s12,1,32d86cd25712f1c1f15a8c1c436b422437b73f4d,c0185c3b7ed575db3bb74d5ac3208b6f4b9a86699a05bc6320d3ef9f9aacd8d8,,False,,8.89,30000,50000,0,0,0,50000,11948,0,50,19,7948,4000,4605,7193245,11948,0,,,27570753,50000,True
timed-250,smtlib-qfidl,DTP/DTP_k2_n35_c210_s12,1,32d86cd25712f1c1f15a8c1c436b422437b73f4d,c0185c3b7ed575db3bb74d5ac3208b6f4b9a86699a05bc6320d3ef9f9aacd8d8,,False,,4.744,30000,50000,0,0,0,50000,6775,0,200,44,2775,4000,4152,3148541,6775,0,,,40258013,50000,True
timed-4000,smtlib-qfidl,DTP/DTP_k2_n35_c210_s12,1,32d86cd25712f1c1f15a8c1c436b422437b73f4d,c0185c3b7ed575db3bb74d5ac3208b6f4b9a86699a05bc6320d3ef9f9aacd8d8,,False,,8.015,30000,50000,0,0,0,50000,12026,0,12,4,6988,5038,6092,8227062,12026,0,,,13155283,50000,True
baseline-1000,smtlib-qfidl,DTP/DTP_k2_n35_c210_s12,2,58ae735e7b527a9d5e1050a0111b78f38b8590f0,47e08fddaf216bb294f883b6b2af9c952dcf4681ded7234d34177367e0ed29b1,,False,,7.249,30000,50000,0,0,0,50000,11948,0,50,19,7948,4000,4605,7193245,,,,,,50000,True
timed-1000,smtlib-qfidl,DTP/DTP_k2_n35_c210_s12,2,32d86cd25712f1c1f15a8c1c436b422437b73f4d,c0185c3b7ed575db3bb74d5ac3208b6f4b9a86699a05bc6320d3ef9f9aacd8d8,,False,,6.763,30000,50000,0,0,0,50000,11948,0,50,19,7948,4000,4605,7193245,11948,0,,,25749466,50000,True
timed-250,smtlib-qfidl,DTP/DTP_k2_n35_c210_s12,2,32d86cd25712f1c1f15a8c1c436b422437b73f4d,c0185c3b7ed575db3bb74d5ac3208b6f4b9a86699a05bc6320d3ef9f9aacd8d8,,False,,4.776,30000,50000,0,0,0,50000,6775,0,200,44,2775,4000,4152,3148541,6775,0,,,41978561,50000,True
timed-4000,smtlib-qfidl,DTP/DTP_k2_n35_c210_s12,2,32d86cd25712f1c1f15a8c1c436b422437b73f4d,c0185c3b7ed575db3bb74d5ac3208b6f4b9a86699a05bc6320d3ef9f9aacd8d8,,False,,7.276,30000,50000,0,0,0,50000,12026,0,12,4,6988,5038,6092,8227062,12026,0,,,12759811,50000,True
baseline-1000,smtlib-qfidl,DTP/DTP_k2_n35_c210_s15,0,58ae735e7b527a9d5e1050a0111b78f38b8590f0,47e08fddaf216bb294f883b6b2af9c952dcf4681ded7234d34177367e0ed29b1,,False,,7.823,30000,50000,0,0,0,50000,9701,0,50,17,5701,4000,4579,6973188,,,,,,50000,True
timed-1000,smtlib-qfidl,DTP/DTP_k2_n35_c210_s15,0,32d86cd25712f1c1f15a8c1c436b422437b73f4d,c0185c3b7ed575db3bb74d5ac3208b6f4b9a86699a05bc6320d3ef9f9aacd8d8,,False,,6.692,30000,50000,0,0,0,50000,9701,0,50,17,5701,4000,4579,6973188,9701,0,,,25346729,50000,True
timed-250,smtlib-qfidl,DTP/DTP_k2_n35_c210_s15,0,32d86cd25712f1c1f15a8c1c436b422437b73f4d,c0185c3b7ed575db3bb74d5ac3208b6f4b9a86699a05bc6320d3ef9f9aacd8d8,,False,,4.333,30000,50000,0,0,0,50000,5498,0,200,19,1498,4000,4137,3058643,5498,0,,,26389034,50000,True
timed-4000,smtlib-qfidl,DTP/DTP_k2_n35_c210_s15,0,32d86cd25712f1c1f15a8c1c436b422437b73f4d,c0185c3b7ed575db3bb74d5ac3208b6f4b9a86699a05bc6320d3ef9f9aacd8d8,,False,,8.117,30000,50000,0,0,0,50000,9839,0,12,3,4844,4995,6528,7221985,9839,0,,,11787195,50000,True
baseline-1000,smtlib-qfidl,DTP/DTP_k2_n35_c210_s15,1,58ae735e7b527a9d5e1050a0111b78f38b8590f0,47e08fddaf216bb294f883b6b2af9c952dcf4681ded7234d34177367e0ed29b1,,False,,7.768,30000,50000,0,0,0,50000,9701,0,50,17,5701,4000,4579,6973188,,,,,,50000,True
timed-1000,smtlib-qfidl,DTP/DTP_k2_n35_c210_s15,1,32d86cd25712f1c1f15a8c1c436b422437b73f4d,c0185c3b7ed575db3bb74d5ac3208b6f4b9a86699a05bc6320d3ef9f9aacd8d8,,False,,6.467,30000,50000,0,0,0,50000,9701,0,50,17,5701,4000,4579,6973188,9701,0,,,30199698,50000,True
timed-250,smtlib-qfidl,DTP/DTP_k2_n35_c210_s15,1,32d86cd25712f1c1f15a8c1c436b422437b73f4d,c0185c3b7ed575db3bb74d5ac3208b6f4b9a86699a05bc6320d3ef9f9aacd8d8,,False,,4.62,30000,50000,0,0,0,50000,5498,0,200,19,1498,4000,4137,3058643,5498,0,,,32264428,50000,True
timed-4000,smtlib-qfidl,DTP/DTP_k2_n35_c210_s15,1,32d86cd25712f1c1f15a8c1c436b422437b73f4d,c0185c3b7ed575db3bb74d5ac3208b6f4b9a86699a05bc6320d3ef9f9aacd8d8,,False,,6.393,30000,50000,0,0,0,50000,9839,0,12,3,4844,4995,6528,7221985,9839,0,,,13521840,50000,True
baseline-1000,smtlib-qfidl,DTP/DTP_k2_n35_c210_s15,2,58ae735e7b527a9d5e1050a0111b78f38b8590f0,47e08fddaf216bb294f883b6b2af9c952dcf4681ded7234d34177367e0ed29b1,,False,,6.716,30000,50000,0,0,0,50000,9701,0,50,17,5701,4000,4579,6973188,,,,,,50000,True
timed-1000,smtlib-qfidl,DTP/DTP_k2_n35_c210_s15,2,32d86cd25712f1c1f15a8c1c436b422437b73f4d,c0185c3b7ed575db3bb74d5ac3208b6f4b9a86699a05bc6320d3ef9f9aacd8d8,,False,,6.909,30000,50000,0,0,0,50000,9701,0,50,17,5701,4000,4579,6973188,9701,0,,,26136023,50000,True
timed-250,smtlib-qfidl,DTP/DTP_k2_n35_c210_s15,2,32d86cd25712f1c1f15a8c1c436b422437b73f4d,c0185c3b7ed575db3bb74d5ac3208b6f4b9a86699a05bc6320d3ef9f9aacd8d8,,False,,4.699,30000,50000,0,0,0,50000,5498,0,200,19,1498,4000,4137,3058643,5498,0,,,27551845,50000,True
timed-4000,smtlib-qfidl,DTP/DTP_k2_n35_c210_s15,2,32d86cd25712f1c1f15a8c1c436b422437b73f4d,c0185c3b7ed575db3bb74d5ac3208b6f4b9a86699a05bc6320d3ef9f9aacd8d8,,False,,8.166,30000,50000,0,0,0,50000,9839,0,12,3,4844,4995,6528,7221985,9839,0,,,11692923,50000,True
baseline-1000,smtlib-qfidl,DTP/DTP_k2_n35_c210_s18,0,58ae735e7b527a9d5e1050a0111b78f38b8590f0,47e08fddaf216bb294f883b6b2af9c952dcf4681ded7234d34177367e0ed29b1,True,False,,4.692,30000,43733,0,0,1,43734,4953,0,43,7,864,4089,4366,2137864,,,,,,43733,True
timed-1000,smtlib-qfidl,DTP/DTP_k2_n35_c210_s18,0,32d86cd25712f1c1f15a8c1c436b422437b73f4d,c0185c3b7ed575db3bb74d5ac3208b6f4b9a86699a05bc6320d3ef9f9aacd8d8,True,False,,5.307,30000,43733,0,0,1,43734,4953,0,43,7,864,4089,4366,2137864,4953,0,,,20793766,43733,True
timed-250,smtlib-qfidl,DTP/DTP_k2_n35_c210_s18,0,32d86cd25712f1c1f15a8c1c436b422437b73f4d,c0185c3b7ed575db3bb74d5ac3208b6f4b9a86699a05bc6320d3ef9f9aacd8d8,,False,,5.535,30000,50000,0,0,0,50000,4973,0,200,20,973,4000,4146,2391734,4973,0,,,32462304,50000,True
timed-4000,smtlib-qfidl,DTP/DTP_k2_n35_c210_s18,0,32d86cd25712f1c1f15a8c1c436b422437b73f4d,c0185c3b7ed575db3bb74d5ac3208b6f4b9a86699a05bc6320d3ef9f9aacd8d8,True,False,,5.021,30000,46138,0,0,1,46139,5772,0,11,1,1558,4214,5558,2861338,5772,0,,,7530114,46138,True
baseline-1000,smtlib-qfidl,DTP/DTP_k2_n35_c210_s18,1,58ae735e7b527a9d5e1050a0111b78f38b8590f0,47e08fddaf216bb294f883b6b2af9c952dcf4681ded7234d34177367e0ed29b1,True,False,,4.612,30000,43733,0,0,1,43734,4953,0,43,7,864,4089,4366,2137864,,,,,,43733,True
timed-1000,smtlib-qfidl,DTP/DTP_k2_n35_c210_s18,1,32d86cd25712f1c1f15a8c1c436b422437b73f4d,c0185c3b7ed575db3bb74d5ac3208b6f4b9a86699a05bc6320d3ef9f9aacd8d8,True,False,,4.515,30000,43733,0,0,1,43734,4953,0,43,7,864,4089,4366,2137864,4953,0,,,24037055,43733,True
timed-250,smtlib-qfidl,DTP/DTP_k2_n35_c210_s18,1,32d86cd25712f1c1f15a8c1c436b422437b73f4d,c0185c3b7ed575db3bb74d5ac3208b6f4b9a86699a05bc6320d3ef9f9aacd8d8,,False,,4.832,30000,50000,0,0,0,50000,4973,0,200,20,973,4000,4146,2391734,4973,0,,,32483784,50000,True
timed-4000,smtlib-qfidl,DTP/DTP_k2_n35_c210_s18,1,32d86cd25712f1c1f15a8c1c436b422437b73f4d,c0185c3b7ed575db3bb74d5ac3208b6f4b9a86699a05bc6320d3ef9f9aacd8d8,True,False,,5.064,30000,46138,0,0,1,46139,5772,0,11,1,1558,4214,5558,2861338,5772,0,,,7356467,46138,True
baseline-1000,smtlib-qfidl,DTP/DTP_k2_n35_c210_s18,2,58ae735e7b527a9d5e1050a0111b78f38b8590f0,47e08fddaf216bb294f883b6b2af9c952dcf4681ded7234d34177367e0ed29b1,True,False,,4.668,30000,43733,0,0,1,43734,4953,0,43,7,864,4089,4366,2137864,,,,,,43733,True
timed-1000,smtlib-qfidl,DTP/DTP_k2_n35_c210_s18,2,32d86cd25712f1c1f15a8c1c436b422437b73f4d,c0185c3b7ed575db3bb74d5ac3208b6f4b9a86699a05bc6320d3ef9f9aacd8d8,True,False,,4.647,30000,43733,0,0,1,43734,4953,0,43,7,864,4089,4366,2137864,4953,0,,,26768874,43733,True
timed-250,smtlib-qfidl,DTP/DTP_k2_n35_c210_s18,2,32d86cd25712f1c1f15a8c1c436b422437b73f4d,c0185c3b7ed575db3bb74d5ac3208b6f4b9a86699a05bc6320d3ef9f9aacd8d8,,False,,4.908,30000,50000,0,0,0,50000,4973,0,200,20,973,4000,4146,2391734,4973,0,,,33423685,50000,True
timed-4000,smtlib-qfidl,DTP/DTP_k2_n35_c210_s18,2,32d86cd25712f1c1f15a8c1c436b422437b73f4d,c0185c3b7ed575db3bb74d5ac3208b6f4b9a86699a05bc6320d3ef9f9aacd8d8,True,False,,5.092,30000,46138,0,0,1,46139,5772,0,11,1,1558,4214,5558,2861338,5772,0,,,7397575,46138,True
baseline-1000,smtlib-qfidl,DTP/DTP_k2_n35_c210_s2,0,58ae735e7b527a9d5e1050a0111b78f38b8590f0,47e08fddaf216bb294f883b6b2af9c952dcf4681ded7234d34177367e0ed29b1,,False,,7.336,30000,50000,0,0,0,50000,11341,0,50,16,7341,4000,4742,6802260,,,,,,50000,True
timed-1000,smtlib-qfidl,DTP/DTP_k2_n35_c210_s2,0,32d86cd25712f1c1f15a8c1c436b422437b73f4d,c0185c3b7ed575db3bb74d5ac3208b6f4b9a86699a05bc6320d3ef9f9aacd8d8,,False,,7.193,30000,50000,0,0,0,50000,11341,0,50,16,7341,4000,4742,6802260,11341,0,,,27817291,50000,True
timed-250,smtlib-qfidl,DTP/DTP_k2_n35_c210_s2,0,32d86cd25712f1c1f15a8c1c436b422437b73f4d,c0185c3b7ed575db3bb74d5ac3208b6f4b9a86699a05bc6320d3ef9f9aacd8d8,,False,,5.5,30000,50000,0,0,0,50000,6473,0,200,33,2473,4000,4179,2931729,6473,0,,,38261011,50000,True
timed-4000,smtlib-qfidl,DTP/DTP_k2_n35_c210_s2,0,32d86cd25712f1c1f15a8c1c436b422437b73f4d,c0185c3b7ed575db3bb74d5ac3208b6f4b9a86699a05bc6320d3ef9f9aacd8d8,,False,,7.846,30000,50000,0,0,0,50000,11889,0,12,4,6901,4988,6356,9659311,11889,0,,,15633093,50000,True
baseline-1000,smtlib-qfidl,DTP/DTP_k2_n35_c210_s2,1,58ae735e7b527a9d5e1050a0111b78f38b8590f0,47e08fddaf216bb294f883b6b2af9c952dcf4681ded7234d34177367e0ed29b1,,False,,7.207,30000,50000,0,0,0,50000,11341,0,50,16,7341,4000,4742,6802260,,,,,,50000,True
timed-1000,smtlib-qfidl,DTP/DTP_k2_n35_c210_s2,1,32d86cd25712f1c1f15a8c1c436b422437b73f4d,c0185c3b7ed575db3bb74d5ac3208b6f4b9a86699a05bc6320d3ef9f9aacd8d8,,False,,7.467,30000,50000,0,0,0,50000,11341,0,50,16,7341,4000,4742,6802260,11341,0,,,33633546,50000,True
timed-250,smtlib-qfidl,DTP/DTP_k2_n35_c210_s2,1,32d86cd25712f1c1f15a8c1c436b422437b73f4d,c0185c3b7ed575db3bb74d5ac3208b6f4b9a86699a05bc6320d3ef9f9aacd8d8,,False,,5.097,30000,50000,0,0,0,50000,6473,0,200,33,2473,4000,4179,2931729,6473,0,,,37964903,50000,True
timed-4000,smtlib-qfidl,DTP/DTP_k2_n35_c210_s2,1,32d86cd25712f1c1f15a8c1c436b422437b73f4d,c0185c3b7ed575db3bb74d5ac3208b6f4b9a86699a05bc6320d3ef9f9aacd8d8,,False,,7.669,30000,50000,0,0,0,50000,11889,0,12,4,6901,4988,6356,9659311,11889,0,,,17013315,50000,True
baseline-1000,smtlib-qfidl,DTP/DTP_k2_n35_c210_s2,2,58ae735e7b527a9d5e1050a0111b78f38b8590f0,47e08fddaf216bb294f883b6b2af9c952dcf4681ded7234d34177367e0ed29b1,,False,,7.597,30000,50000,0,0,0,50000,11341,0,50,16,7341,4000,4742,6802260,,,,,,50000,True
timed-1000,smtlib-qfidl,DTP/DTP_k2_n35_c210_s2,2,32d86cd25712f1c1f15a8c1c436b422437b73f4d,c0185c3b7ed575db3bb74d5ac3208b6f4b9a86699a05bc6320d3ef9f9aacd8d8,,False,,9.724,30000,50000,0,0,0,50000,11341,0,50,16,7341,4000,4742,6802260,11341,0,,,31502948,50000,True
timed-250,smtlib-qfidl,DTP/DTP_k2_n35_c210_s2,2,32d86cd25712f1c1f15a8c1c436b422437b73f4d,c0185c3b7ed575db3bb74d5ac3208b6f4b9a86699a05bc6320d3ef9f9aacd8d8,,False,,5.337,30000,50000,0,0,0,50000,6473,0,200,33,2473,4000,4179,2931729,6473,0,,,38596621,50000,True
timed-4000,smtlib-qfidl,DTP/DTP_k2_n35_c210_s2,2,32d86cd25712f1c1f15a8c1c436b422437b73f4d,c0185c3b7ed575db3bb74d5ac3208b6f4b9a86699a05bc6320d3ef9f9aacd8d8,,False,,7.462,30000,50000,0,0,0,50000,11889,0,12,4,6901,4988,6356,9659311,11889,0,,,14484899,50000,True
baseline-1000,smtlib-qfidl,DTP/DTP_k2_n35_c210_s5,0,58ae735e7b527a9d5e1050a0111b78f38b8590f0,47e08fddaf216bb294f883b6b2af9c952dcf4681ded7234d34177367e0ed29b1,,False,,5.973,30000,50000,0,0,0,50000,9191,0,50,13,5191,4000,4584,5570651,,,,,,50000,True
timed-1000,smtlib-qfidl,DTP/DTP_k2_n35_c210_s5,0,32d86cd25712f1c1f15a8c1c436b422437b73f4d,c0185c3b7ed575db3bb74d5ac3208b6f4b9a86699a05bc6320d3ef9f9aacd8d8,,False,,7.332,30000,50000,0,0,0,50000,9191,0,50,13,5191,4000,4584,5570651,9191,0,,,23874573,50000,True
timed-250,smtlib-qfidl,DTP/DTP_k2_n35_c210_s5,0,32d86cd25712f1c1f15a8c1c436b422437b73f4d,c0185c3b7ed575db3bb74d5ac3208b6f4b9a86699a05bc6320d3ef9f9aacd8d8,,False,,4.404,30000,50000,0,0,0,50000,5415,0,200,23,1415,4000,4131,2467526,5415,0,,,28475861,50000,True
timed-4000,smtlib-qfidl,DTP/DTP_k2_n35_c210_s5,0,32d86cd25712f1c1f15a8c1c436b422437b73f4d,c0185c3b7ed575db3bb74d5ac3208b6f4b9a86699a05bc6320d3ef9f9aacd8d8,,False,,8.011,30000,50000,0,0,0,50000,9609,0,12,3,5243,4366,5800,7431824,9609,0,,,11348510,50000,True
baseline-1000,smtlib-qfidl,DTP/DTP_k2_n35_c210_s5,1,58ae735e7b527a9d5e1050a0111b78f38b8590f0,47e08fddaf216bb294f883b6b2af9c952dcf4681ded7234d34177367e0ed29b1,,False,,5.549,30000,50000,0,0,0,50000,9191,0,50,13,5191,4000,4584,5570651,,,,,,50000,True
timed-1000,smtlib-qfidl,DTP/DTP_k2_n35_c210_s5,1,32d86cd25712f1c1f15a8c1c436b422437b73f4d,c0185c3b7ed575db3bb74d5ac3208b6f4b9a86699a05bc6320d3ef9f9aacd8d8,,False,,6.138,30000,50000,0,0,0,50000,9191,0,50,13,5191,4000,4584,5570651,9191,0,,,22853803,50000,True
timed-250,smtlib-qfidl,DTP/DTP_k2_n35_c210_s5,1,32d86cd25712f1c1f15a8c1c436b422437b73f4d,c0185c3b7ed575db3bb74d5ac3208b6f4b9a86699a05bc6320d3ef9f9aacd8d8,,False,,4.96,30000,50000,0,0,0,50000,5415,0,200,23,1415,4000,4131,2467526,5415,0,,,29244939,50000,True
timed-4000,smtlib-qfidl,DTP/DTP_k2_n35_c210_s5,1,32d86cd25712f1c1f15a8c1c436b422437b73f4d,c0185c3b7ed575db3bb74d5ac3208b6f4b9a86699a05bc6320d3ef9f9aacd8d8,,False,,8.446,30000,50000,0,0,0,50000,9609,0,12,3,5243,4366,5800,7431824,9609,0,,,11155409,50000,True
baseline-1000,smtlib-qfidl,DTP/DTP_k2_n35_c210_s5,2,58ae735e7b527a9d5e1050a0111b78f38b8590f0,47e08fddaf216bb294f883b6b2af9c952dcf4681ded7234d34177367e0ed29b1,,False,,8.357,30000,50000,0,0,0,50000,9191,0,50,13,5191,4000,4584,5570651,,,,,,50000,True
timed-1000,smtlib-qfidl,DTP/DTP_k2_n35_c210_s5,2,32d86cd25712f1c1f15a8c1c436b422437b73f4d,c0185c3b7ed575db3bb74d5ac3208b6f4b9a86699a05bc6320d3ef9f9aacd8d8,,False,,5.722,30000,50000,0,0,0,50000,9191,0,50,13,5191,4000,4584,5570651,9191,0,,,23691350,50000,True
timed-250,smtlib-qfidl,DTP/DTP_k2_n35_c210_s5,2,32d86cd25712f1c1f15a8c1c436b422437b73f4d,c0185c3b7ed575db3bb74d5ac3208b6f4b9a86699a05bc6320d3ef9f9aacd8d8,,False,,5.687,30000,50000,0,0,0,50000,5415,0,200,23,1415,4000,4131,2467526,5415,0,,,29643613,50000,True
timed-4000,smtlib-qfidl,DTP/DTP_k2_n35_c210_s5,2,32d86cd25712f1c1f15a8c1c436b422437b73f4d,c0185c3b7ed575db3bb74d5ac3208b6f4b9a86699a05bc6320d3ef9f9aacd8d8,,False,,6.791,30000,50000,0,0,0,50000,9609,0,12,3,5243,4366,5800,7431824,9609,0,,,10752728,50000,True
baseline-1000,smtlib-qfidl,DTP/DTP_k2_n35_c210_s9,0,58ae735e7b527a9d5e1050a0111b78f38b8590f0,47e08fddaf216bb294f883b6b2af9c952dcf4681ded7234d34177367e0ed29b1,,False,,5.488,30000,50000,0,0,0,50000,8254,0,50,16,4254,4000,4756,5145897,,,,,,50000,True
timed-1000,smtlib-qfidl,DTP/DTP_k2_n35_c210_s9,0,32d86cd25712f1c1f15a8c1c436b422437b73f4d,c0185c3b7ed575db3bb74d5ac3208b6f4b9a86699a05bc6320d3ef9f9aacd8d8,,False,,5.607,30000,50000,0,0,0,50000,8254,0,50,16,4254,4000,4756,5145897,8254,0,,,23833619,50000,True
timed-250,smtlib-qfidl,DTP/DTP_k2_n35_c210_s9,0,32d86cd25712f1c1f15a8c1c436b422437b73f4d,c0185c3b7ed575db3bb74d5ac3208b6f4b9a86699a05bc6320d3ef9f9aacd8d8,,False,,5.234,30000,50000,0,0,0,50000,7019,0,200,56,3019,4000,4155,4222464,7019,0,,,45987603,50000,True
timed-4000,smtlib-qfidl,DTP/DTP_k2_n35_c210_s9,0,32d86cd25712f1c1f15a8c1c436b422437b73f4d,c0185c3b7ed575db3bb74d5ac3208b6f4b9a86699a05bc6320d3ef9f9aacd8d8,,False,,7.243,30000,50000,0,0,0,50000,8425,0,12,5,4339,4086,5468,5581277,8425,0,,,16794167,50000,True
baseline-1000,smtlib-qfidl,DTP/DTP_k2_n35_c210_s9,1,58ae735e7b527a9d5e1050a0111b78f38b8590f0,47e08fddaf216bb294f883b6b2af9c952dcf4681ded7234d34177367e0ed29b1,,False,,5.586,30000,50000,0,0,0,50000,8254,0,50,16,4254,4000,4756,5145897,,,,,,50000,True
timed-1000,smtlib-qfidl,DTP/DTP_k2_n35_c210_s9,1,32d86cd25712f1c1f15a8c1c436b422437b73f4d,c0185c3b7ed575db3bb74d5ac3208b6f4b9a86699a05bc6320d3ef9f9aacd8d8,,False,,5.7,30000,50000,0,0,0,50000,8254,0,50,16,4254,4000,4756,5145897,8254,0,,,24557298,50000,True
timed-250,smtlib-qfidl,DTP/DTP_k2_n35_c210_s9,1,32d86cd25712f1c1f15a8c1c436b422437b73f4d,c0185c3b7ed575db3bb74d5ac3208b6f4b9a86699a05bc6320d3ef9f9aacd8d8,,False,,6.087,30000,50000,0,0,0,50000,7019,0,200,56,3019,4000,4155,4222464,7019,0,,,45711959,50000,True
timed-4000,smtlib-qfidl,DTP/DTP_k2_n35_c210_s9,1,32d86cd25712f1c1f15a8c1c436b422437b73f4d,c0185c3b7ed575db3bb74d5ac3208b6f4b9a86699a05bc6320d3ef9f9aacd8d8,,False,,5.74,30000,50000,0,0,0,50000,8425,0,12,5,4339,4086,5468,5581277,8425,0,,,14735085,50000,True
baseline-1000,smtlib-qfidl,DTP/DTP_k2_n35_c210_s9,2,58ae735e7b527a9d5e1050a0111b78f38b8590f0,47e08fddaf216bb294f883b6b2af9c952dcf4681ded7234d34177367e0ed29b1,,False,,5.491,30000,50000,0,0,0,50000,8254,0,50,16,4254,4000,4756,5145897,,,,,,50000,True
timed-1000,smtlib-qfidl,DTP/DTP_k2_n35_c210_s9,2,32d86cd25712f1c1f15a8c1c436b422437b73f4d,c0185c3b7ed575db3bb74d5ac3208b6f4b9a86699a05bc6320d3ef9f9aacd8d8,,False,,5.729,30000,50000,0,0,0,50000,8254,0,50,16,4254,4000,4756,5145897,8254,0,,,24311405,50000,True
timed-250,smtlib-qfidl,DTP/DTP_k2_n35_c210_s9,2,32d86cd25712f1c1f15a8c1c436b422437b73f4d,c0185c3b7ed575db3bb74d5ac3208b6f4b9a86699a05bc6320d3ef9f9aacd8d8,,False,,5.354,30000,50000,0,0,0,50000,7019,0,200,56,3019,4000,4155,4222464,7019,0,,,51260513,50000,True
timed-4000,smtlib-qfidl,DTP/DTP_k2_n35_c210_s9,2,32d86cd25712f1c1f15a8c1c436b422437b73f4d,c0185c3b7ed575db3bb74d5ac3208b6f4b9a86699a05bc6320d3ef9f9aacd8d8,,False,,6.813,30000,50000,0,0,0,50000,8425,0,12,5,4339,4086,5468,5581277,8425,0,,,14418742,50000,True
baseline-1000,smtlib-qfidl,DTP/DTP_k2_n35_c245_s12,0,58ae735e7b527a9d5e1050a0111b78f38b8590f0,47e08fddaf216bb294f883b6b2af9c952dcf4681ded7234d34177367e0ed29b1,,False,,5.94,30000,50000,0,0,0,50000,6332,0,50,7,2332,4000,4577,3494292,,,,,,50000,True
timed-1000,smtlib-qfidl,DTP/DTP_k2_n35_c245_s12,0,32d86cd25712f1c1f15a8c1c436b422437b73f4d,c0185c3b7ed575db3bb74d5ac3208b6f4b9a86699a05bc6320d3ef9f9aacd8d8,,False,,8.577,30000,50000,0,0,0,50000,6332,0,50,7,2332,4000,4577,3494292,6332,0,,,25461730,50000,True
timed-250,smtlib-qfidl,DTP/DTP_k2_n35_c245_s12,0,32d86cd25712f1c1f15a8c1c436b422437b73f4d,c0185c3b7ed575db3bb74d5ac3208b6f4b9a86699a05bc6320d3ef9f9aacd8d8,,False,,4.048,30000,50000,0,0,0,50000,2779,0,200,0,0,2779,2779,701230,2779,0,,,0,50000,True
timed-4000,smtlib-qfidl,DTP/DTP_k2_n35_c245_s12,0,32d86cd25712f1c1f15a8c1c436b422437b73f4d,c0185c3b7ed575db3bb74d5ac3208b6f4b9a86699a05bc6320d3ef9f9aacd8d8,,False,,7.62,30000,50000,0,0,0,50000,6078,0,12,1,1209,4869,5209,3286462,6078,0,,,6953106,50000,True
baseline-1000,smtlib-qfidl,DTP/DTP_k2_n35_c245_s12,1,58ae735e7b527a9d5e1050a0111b78f38b8590f0,47e08fddaf216bb294f883b6b2af9c952dcf4681ded7234d34177367e0ed29b1,,False,,6.131,30000,50000,0,0,0,50000,6332,0,50,7,2332,4000,4577,3494292,,,,,,50000,True
timed-1000,smtlib-qfidl,DTP/DTP_k2_n35_c245_s12,1,32d86cd25712f1c1f15a8c1c436b422437b73f4d,c0185c3b7ed575db3bb74d5ac3208b6f4b9a86699a05bc6320d3ef9f9aacd8d8,,False,,8.019,30000,50000,0,0,0,50000,6332,0,50,7,2332,4000,4577,3494292,6332,0,,,22553266,50000,True
timed-250,smtlib-qfidl,DTP/DTP_k2_n35_c245_s12,1,32d86cd25712f1c1f15a8c1c436b422437b73f4d,c0185c3b7ed575db3bb74d5ac3208b6f4b9a86699a05bc6320d3ef9f9aacd8d8,,False,,3.941,30000,50000,0,0,0,50000,2779,0,200,0,0,2779,2779,701230,2779,0,,,0,50000,True
timed-4000,smtlib-qfidl,DTP/DTP_k2_n35_c245_s12,1,32d86cd25712f1c1f15a8c1c436b422437b73f4d,c0185c3b7ed575db3bb74d5ac3208b6f4b9a86699a05bc6320d3ef9f9aacd8d8,,False,,5.669,30000,50000,0,0,0,50000,6078,0,12,1,1209,4869,5209,3286462,6078,0,,,8105383,50000,True
baseline-1000,smtlib-qfidl,DTP/DTP_k2_n35_c245_s12,2,58ae735e7b527a9d5e1050a0111b78f38b8590f0,47e08fddaf216bb294f883b6b2af9c952dcf4681ded7234d34177367e0ed29b1,,False,,9.4,30000,50000,0,0,0,50000,6332,0,50,7,2332,4000,4577,3494292,,,,,,50000,True
timed-1000,smtlib-qfidl,DTP/DTP_k2_n35_c245_s12,2,32d86cd25712f1c1f15a8c1c436b422437b73f4d,c0185c3b7ed575db3bb74d5ac3208b6f4b9a86699a05bc6320d3ef9f9aacd8d8,,False,,5.852,30000,50000,0,0,0,50000,6332,0,50,7,2332,4000,4577,3494292,6332,0,,,20529301,50000,True
timed-250,smtlib-qfidl,DTP/DTP_k2_n35_c245_s12,2,32d86cd25712f1c1f15a8c1c436b422437b73f4d,c0185c3b7ed575db3bb74d5ac3208b6f4b9a86699a05bc6320d3ef9f9aacd8d8,,False,,3.948,30000,50000,0,0,0,50000,2779,0,200,0,0,2779,2779,701230,2779,0,,,0,50000,True
timed-4000,smtlib-qfidl,DTP/DTP_k2_n35_c245_s12,2,32d86cd25712f1c1f15a8c1c436b422437b73f4d,c0185c3b7ed575db3bb74d5ac3208b6f4b9a86699a05bc6320d3ef9f9aacd8d8,,False,,5.648,30000,50000,0,0,0,50000,6078,0,12,1,1209,4869,5209,3286462,6078,0,,,7119023,50000,True
baseline-1000,smtlib-qfidl,DTP/DTP_k2_n35_c245_s15,0,58ae735e7b527a9d5e1050a0111b78f38b8590f0,47e08fddaf216bb294f883b6b2af9c952dcf4681ded7234d34177367e0ed29b1,,False,,7.319,30000,50000,0,0,0,50000,9360,0,50,18,5360,4000,4522,5685778,,,,,,50000,True
timed-1000,smtlib-qfidl,DTP/DTP_k2_n35_c245_s15,0,32d86cd25712f1c1f15a8c1c436b422437b73f4d,c0185c3b7ed575db3bb74d5ac3208b6f4b9a86699a05bc6320d3ef9f9aacd8d8,,False,,7.314,30000,50000,0,0,0,50000,9360,0,50,18,5360,4000,4522,5685778,9360,0,,,34708947,50000,True
timed-250,smtlib-qfidl,DTP/DTP_k2_n35_c245_s15,0,32d86cd25712f1c1f15a8c1c436b422437b73f4d,c0185c3b7ed575db3bb74d5ac3208b6f4b9a86699a05bc6320d3ef9f9aacd8d8,,False,,8.303,30000,50000,0,0,0,50000,6720,0,200,48,2720,4000,4129,3931872,6720,0,,,48896540,50000,True
timed-4000,smtlib-qfidl,DTP/DTP_k2_n35_c245_s15,0,32d86cd25712f1c1f15a8c1c436b422437b73f4d,c0185c3b7ed575db3bb74d5ac3208b6f4b9a86699a05bc6320d3ef9f9aacd8d8,,False,,9.207,30000,50000,0,0,0,50000,11140,0,12,4,6159,4981,5799,7888641,11140,0,,,13804470,50000,True
baseline-1000,smtlib-qfidl,DTP/DTP_k2_n35_c245_s15,1,58ae735e7b527a9d5e1050a0111b78f38b8590f0,47e08fddaf216bb294f883b6b2af9c952dcf4681ded7234d34177367e0ed29b1,,False,,10.726,30000,50000,0,0,0,50000,9360,0,50,18,5360,4000,4522,5685778,,,,,,50000,True
timed-1000,smtlib-qfidl,DTP/DTP_k2_n35_c245_s15,1,32d86cd25712f1c1f15a8c1c436b422437b73f4d,c0185c3b7ed575db3bb74d5ac3208b6f4b9a86699a05bc6320d3ef9f9aacd8d8,,False,,7.942,30000,50000,0,0,0,50000,9360,0,50,18,5360,4000,4522,5685778,9360,0,,,32541502,50000,True
timed-250,smtlib-qfidl,DTP/DTP_k2_n35_c245_s15,1,32d86cd25712f1c1f15a8c1c436b422437b73f4d,c0185c3b7ed575db3bb74d5ac3208b6f4b9a86699a05bc6320d3ef9f9aacd8d8,,False,,8.94,30000,50000,0,0,0,50000,6720,0,200,48,2720,4000,4129,3931872,6720,0,,,45153651,50000,True
timed-4000,smtlib-qfidl,DTP/DTP_k2_n35_c245_s15,1,32d86cd25712f1c1f15a8c1c436b422437b73f4d,c0185c3b7ed575db3bb74d5ac3208b6f4b9a86699a05bc6320d3ef9f9aacd8d8,,False,,8.007,30000,50000,0,0,0,50000,11140,0,12,4,6159,4981,5799,7888641,11140,0,,,14550561,50000,True
baseline-1000,smtlib-qfidl,DTP/DTP_k2_n35_c245_s15,2,58ae735e7b527a9d5e1050a0111b78f38b8590f0,47e08fddaf216bb294f883b6b2af9c952dcf4681ded7234d34177367e0ed29b1,,False,,8.252,30000,50000,0,0,0,50000,9360,0,50,18,5360,4000,4522,5685778,,,,,,50000,True
timed-1000,smtlib-qfidl,DTP/DTP_k2_n35_c245_s15,2,32d86cd25712f1c1f15a8c1c436b422437b73f4d,c0185c3b7ed575db3bb74d5ac3208b6f4b9a86699a05bc6320d3ef9f9aacd8d8,,False,,10.605,30000,50000,0,0,0,50000,9360,0,50,18,5360,4000,4522,5685778,9360,0,,,31513687,50000,True
timed-250,smtlib-qfidl,DTP/DTP_k2_n35_c245_s15,2,32d86cd25712f1c1f15a8c1c436b422437b73f4d,c0185c3b7ed575db3bb74d5ac3208b6f4b9a86699a05bc6320d3ef9f9aacd8d8,,False,,6.531,30000,50000,0,0,0,50000,6720,0,200,48,2720,4000,4129,3931872,6720,0,,,51568862,50000,True
timed-4000,smtlib-qfidl,DTP/DTP_k2_n35_c245_s15,2,32d86cd25712f1c1f15a8c1c436b422437b73f4d,c0185c3b7ed575db3bb74d5ac3208b6f4b9a86699a05bc6320d3ef9f9aacd8d8,,False,,7.668,30000,50000,0,0,0,50000,11140,0,12,4,6159,4981,5799,7888641,11140,0,,,13963588,50000,True
baseline-1000,smtlib-qfidl,DTP/DTP_k2_n35_c245_s18,0,58ae735e7b527a9d5e1050a0111b78f38b8590f0,47e08fddaf216bb294f883b6b2af9c952dcf4681ded7234d34177367e0ed29b1,,False,,10.293,30000,50000,0,0,0,50000,10732,0,50,25,6732,4000,4575,7171837,,,,,,50000,True
timed-1000,smtlib-qfidl,DTP/DTP_k2_n35_c245_s18,0,32d86cd25712f1c1f15a8c1c436b422437b73f4d,c0185c3b7ed575db3bb74d5ac3208b6f4b9a86699a05bc6320d3ef9f9aacd8d8,,False,,7.483,30000,50000,0,0,0,50000,10732,0,50,25,6732,4000,4575,7171837,10732,0,,,31759003,50000,True
timed-250,smtlib-qfidl,DTP/DTP_k2_n35_c245_s18,0,32d86cd25712f1c1f15a8c1c436b422437b73f4d,c0185c3b7ed575db3bb74d5ac3208b6f4b9a86699a05bc6320d3ef9f9aacd8d8,,False,,6.542,30000,50000,0,0,0,50000,8478,0,200,73,4478,4000,4214,5680336,8478,0,,,55100338,50000,True
timed-4000,smtlib-qfidl,DTP/DTP_k2_n35_c245_s18,0,32d86cd25712f1c1f15a8c1c436b422437b73f4d,c0185c3b7ed575db3bb74d5ac3208b6f4b9a86699a05bc6320d3ef9f9aacd8d8,,False,,11.343,30000,50000,0,0,0,50000,11937,0,12,6,7441,4496,5668,9278976,11937,0,,,18974406,50000,True
baseline-1000,smtlib-qfidl,DTP/DTP_k2_n35_c245_s18,1,58ae735e7b527a9d5e1050a0111b78f38b8590f0,47e08fddaf216bb294f883b6b2af9c952dcf4681ded7234d34177367e0ed29b1,,False,,10.223,30000,50000,0,0,0,50000,10732,0,50,25,6732,4000,4575,7171837,,,,,,50000,True
timed-1000,smtlib-qfidl,DTP/DTP_k2_n35_c245_s18,1,32d86cd25712f1c1f15a8c1c436b422437b73f4d,c0185c3b7ed575db3bb74d5ac3208b6f4b9a86699a05bc6320d3ef9f9aacd8d8,,False,,7.191,30000,50000,0,0,0,50000,10732,0,50,25,6732,4000,4575,7171837,10732,0,,,30629655,50000,True
timed-250,smtlib-qfidl,DTP/DTP_k2_n35_c245_s18,1,32d86cd25712f1c1f15a8c1c436b422437b73f4d,c0185c3b7ed575db3bb74d5ac3208b6f4b9a86699a05bc6320d3ef9f9aacd8d8,,False,,6.424,30000,50000,0,0,0,50000,8478,0,200,73,4478,4000,4214,5680336,8478,0,,,49912946,50000,True
timed-4000,smtlib-qfidl,DTP/DTP_k2_n35_c245_s18,1,32d86cd25712f1c1f15a8c1c436b422437b73f4d,c0185c3b7ed575db3bb74d5ac3208b6f4b9a86699a05bc6320d3ef9f9aacd8d8,,False,,7.944,30000,50000,0,0,0,50000,11937,0,12,6,7441,4496,5668,9278976,11937,0,,,17666607,50000,True
baseline-1000,smtlib-qfidl,DTP/DTP_k2_n35_c245_s18,2,58ae735e7b527a9d5e1050a0111b78f38b8590f0,47e08fddaf216bb294f883b6b2af9c952dcf4681ded7234d34177367e0ed29b1,,False,,6.544,30000,50000,0,0,0,50000,10732,0,50,25,6732,4000,4575,7171837,,,,,,50000,True
timed-1000,smtlib-qfidl,DTP/DTP_k2_n35_c245_s18,2,32d86cd25712f1c1f15a8c1c436b422437b73f4d,c0185c3b7ed575db3bb74d5ac3208b6f4b9a86699a05bc6320d3ef9f9aacd8d8,,False,,10.317,30000,50000,0,0,0,50000,10732,0,50,25,6732,4000,4575,7171837,10732,0,,,29529372,50000,True
timed-250,smtlib-qfidl,DTP/DTP_k2_n35_c245_s18,2,32d86cd25712f1c1f15a8c1c436b422437b73f4d,c0185c3b7ed575db3bb74d5ac3208b6f4b9a86699a05bc6320d3ef9f9aacd8d8,,False,,6.482,30000,50000,0,0,0,50000,8478,0,200,73,4478,4000,4214,5680336,8478,0,,,51379444,50000,True
timed-4000,smtlib-qfidl,DTP/DTP_k2_n35_c245_s18,2,32d86cd25712f1c1f15a8c1c436b422437b73f4d,c0185c3b7ed575db3bb74d5ac3208b6f4b9a86699a05bc6320d3ef9f9aacd8d8,,False,,7.201,30000,50000,0,0,0,50000,11937,0,12,6,7441,4496,5668,9278976,11937,0,,,16851096,50000,True
baseline-1000,smtlib-qfidl,DTP/DTP_k2_n35_c245_s2,0,58ae735e7b527a9d5e1050a0111b78f38b8590f0,47e08fddaf216bb294f883b6b2af9c952dcf4681ded7234d34177367e0ed29b1,,False,,4.448,30000,50000,0,0,0,50000,2816,0,50,0,0,2816,2816,533426,,,,,,50000,True
timed-1000,smtlib-qfidl,DTP/DTP_k2_n35_c245_s2,0,32d86cd25712f1c1f15a8c1c436b422437b73f4d,c0185c3b7ed575db3bb74d5ac3208b6f4b9a86699a05bc6320d3ef9f9aacd8d8,,False,,4.365,30000,50000,0,0,0,50000,2816,0,50,0,0,2816,2816,533426,2816,0,,,0,50000,True
timed-250,smtlib-qfidl,DTP/DTP_k2_n35_c245_s2,0,32d86cd25712f1c1f15a8c1c436b422437b73f4d,c0185c3b7ed575db3bb74d5ac3208b6f4b9a86699a05bc6320d3ef9f9aacd8d8,,False,,3.068,30000,50000,0,0,0,50000,1311,0,200,0,0,1311,1311,193220,1311,0,,,0,50000,True
timed-4000,smtlib-qfidl,DTP/DTP_k2_n35_c245_s2,0,32d86cd25712f1c1f15a8c1c436b422437b73f4d,c0185c3b7ed575db3bb74d5ac3208b6f4b9a86699a05bc6320d3ef9f9aacd8d8,,False,,3.469,30000,50000,0,0,0,50000,3002,0,12,0,0,3002,3002,613183,3002,0,,,0,50000,True
baseline-1000,smtlib-qfidl,DTP/DTP_k2_n35_c245_s2,1,58ae735e7b527a9d5e1050a0111b78f38b8590f0,47e08fddaf216bb294f883b6b2af9c952dcf4681ded7234d34177367e0ed29b1,,False,,3.318,30000,50000,0,0,0,50000,2816,0,50,0,0,2816,2816,533426,,,,,,50000,True
timed-1000,smtlib-qfidl,DTP/DTP_k2_n35_c245_s2,1,32d86cd25712f1c1f15a8c1c436b422437b73f4d,c0185c3b7ed575db3bb74d5ac3208b6f4b9a86699a05bc6320d3ef9f9aacd8d8,,False,,3.516,30000,50000,0,0,0,50000,2816,0,50,0,0,2816,2816,533426,2816,0,,,0,50000,True
timed-250,smtlib-qfidl,DTP/DTP_k2_n35_c245_s2,1,32d86cd25712f1c1f15a8c1c436b422437b73f4d,c0185c3b7ed575db3bb74d5ac3208b6f4b9a86699a05bc6320d3ef9f9aacd8d8,,False,,2.681,30000,50000,0,0,0,50000,1311,0,200,0,0,1311,1311,193220,1311,0,,,0,50000,True
timed-4000,smtlib-qfidl,DTP/DTP_k2_n35_c245_s2,1,32d86cd25712f1c1f15a8c1c436b422437b73f4d,c0185c3b7ed575db3bb74d5ac3208b6f4b9a86699a05bc6320d3ef9f9aacd8d8,,False,,4.466,30000,50000,0,0,0,50000,3002,0,12,0,0,3002,3002,613183,3002,0,,,0,50000,True
baseline-1000,smtlib-qfidl,DTP/DTP_k2_n35_c245_s2,2,58ae735e7b527a9d5e1050a0111b78f38b8590f0,47e08fddaf216bb294f883b6b2af9c952dcf4681ded7234d34177367e0ed29b1,,False,,3.215,30000,50000,0,0,0,50000,2816,0,50,0,0,2816,2816,533426,,,,,,50000,True
timed-1000,smtlib-qfidl,DTP/DTP_k2_n35_c245_s2,2,32d86cd25712f1c1f15a8c1c436b422437b73f4d,c0185c3b7ed575db3bb74d5ac3208b6f4b9a86699a05bc6320d3ef9f9aacd8d8,,False,,3.214,30000,50000,0,0,0,50000,2816,0,50,0,0,2816,2816,533426,2816,0,,,0,50000,True
timed-250,smtlib-qfidl,DTP/DTP_k2_n35_c245_s2,2,32d86cd25712f1c1f15a8c1c436b422437b73f4d,c0185c3b7ed575db3bb74d5ac3208b6f4b9a86699a05bc6320d3ef9f9aacd8d8,,False,,3.588,30000,50000,0,0,0,50000,1311,0,200,0,0,1311,1311,193220,1311,0,,,0,50000,True
timed-4000,smtlib-qfidl,DTP/DTP_k2_n35_c245_s2,2,32d86cd25712f1c1f15a8c1c436b422437b73f4d,c0185c3b7ed575db3bb74d5ac3208b6f4b9a86699a05bc6320d3ef9f9aacd8d8,,False,,4.294,30000,50000,0,0,0,50000,3002,0,12,0,0,3002,3002,613183,3002,0,,,0,50000,True
baseline-1000,smtlib-qfidl,DTP/DTP_k2_n35_c245_s5,0,58ae735e7b527a9d5e1050a0111b78f38b8590f0,47e08fddaf216bb294f883b6b2af9c952dcf4681ded7234d34177367e0ed29b1,,False,,6.569,30000,50000,0,0,0,50000,6118,0,50,8,2118,4000,4500,2974499,,,,,,50000,True
timed-1000,smtlib-qfidl,DTP/DTP_k2_n35_c245_s5,0,32d86cd25712f1c1f15a8c1c436b422437b73f4d,c0185c3b7ed575db3bb74d5ac3208b6f4b9a86699a05bc6320d3ef9f9aacd8d8,,False,,6.215,30000,50000,0,0,0,50000,6118,0,50,8,2118,4000,4500,2974499,6118,0,,,26974072,50000,True
timed-250,smtlib-qfidl,DTP/DTP_k2_n35_c245_s5,0,32d86cd25712f1c1f15a8c1c436b422437b73f4d,c0185c3b7ed575db3bb74d5ac3208b6f4b9a86699a05bc6320d3ef9f9aacd8d8,,False,,6.532,30000,50000,0,0,0,50000,3451,0,200,0,0,3451,3451,1092681,3451,0,,,0,50000,True
timed-4000,smtlib-qfidl,DTP/DTP_k2_n35_c245_s5,0,32d86cd25712f1c1f15a8c1c436b422437b73f4d,c0185c3b7ed575db3bb74d5ac3208b6f4b9a86699a05bc6320d3ef9f9aacd8d8,,False,,9.332,30000,50000,0,0,0,50000,6731,0,12,2,2255,4476,5211,3375914,6731,0,,,9725377,50000,True
baseline-1000,smtlib-qfidl,DTP/DTP_k2_n35_c245_s5,1,58ae735e7b527a9d5e1050a0111b78f38b8590f0,47e08fddaf216bb294f883b6b2af9c952dcf4681ded7234d34177367e0ed29b1,,False,,6.095,30000,50000,0,0,0,50000,6118,0,50,8,2118,4000,4500,2974499,,,,,,50000,True
timed-1000,smtlib-qfidl,DTP/DTP_k2_n35_c245_s5,1,32d86cd25712f1c1f15a8c1c436b422437b73f4d,c0185c3b7ed575db3bb74d5ac3208b6f4b9a86699a05bc6320d3ef9f9aacd8d8,,False,,5.75,30000,50000,0,0,0,50000,6118,0,50,8,2118,4000,4500,2974499,6118,0,,,21712257,50000,True
timed-250,smtlib-qfidl,DTP/DTP_k2_n35_c245_s5,1,32d86cd25712f1c1f15a8c1c436b422437b73f4d,c0185c3b7ed575db3bb74d5ac3208b6f4b9a86699a05bc6320d3ef9f9aacd8d8,,False,,4.05,30000,50000,0,0,0,50000,3451,0,200,0,0,3451,3451,1092681,3451,0,,,0,50000,True
timed-4000,smtlib-qfidl,DTP/DTP_k2_n35_c245_s5,1,32d86cd25712f1c1f15a8c1c436b422437b73f4d,c0185c3b7ed575db3bb74d5ac3208b6f4b9a86699a05bc6320d3ef9f9aacd8d8,,False,,6.494,30000,50000,0,0,0,50000,6731,0,12,2,2255,4476,5211,3375914,6731,0,,,10939412,50000,True
baseline-1000,smtlib-qfidl,DTP/DTP_k2_n35_c245_s5,2,58ae735e7b527a9d5e1050a0111b78f38b8590f0,47e08fddaf216bb294f883b6b2af9c952dcf4681ded7234d34177367e0ed29b1,,False,,6.301,30000,50000,0,0,0,50000,6118,0,50,8,2118,4000,4500,2974499,,,,,,50000,True
timed-1000,smtlib-qfidl,DTP/DTP_k2_n35_c245_s5,2,32d86cd25712f1c1f15a8c1c436b422437b73f4d,c0185c3b7ed575db3bb74d5ac3208b6f4b9a86699a05bc6320d3ef9f9aacd8d8,,False,,8.569,30000,50000,0,0,0,50000,6118,0,50,8,2118,4000,4500,2974499,6118,0,,,22233576,50000,True
timed-250,smtlib-qfidl,DTP/DTP_k2_n35_c245_s5,2,32d86cd25712f1c1f15a8c1c436b422437b73f4d,c0185c3b7ed575db3bb74d5ac3208b6f4b9a86699a05bc6320d3ef9f9aacd8d8,,False,,6.515,30000,50000,0,0,0,50000,3451,0,200,0,0,3451,3451,1092681,3451,0,,,0,50000,True
timed-4000,smtlib-qfidl,DTP/DTP_k2_n35_c245_s5,2,32d86cd25712f1c1f15a8c1c436b422437b73f4d,c0185c3b7ed575db3bb74d5ac3208b6f4b9a86699a05bc6320d3ef9f9aacd8d8,,False,,6.161,30000,50000,0,0,0,50000,6731,0,12,2,2255,4476,5211,3375914,6731,0,,,9631988,50000,True
baseline-1000,smtlib-qfidl,DTP/DTP_k2_n35_c245_s9,0,58ae735e7b527a9d5e1050a0111b78f38b8590f0,47e08fddaf216bb294f883b6b2af9c952dcf4681ded7234d34177367e0ed29b1,,False,,6.788,30000,50000,0,0,0,50000,8183,0,50,10,4183,4000,4535,4379701,,,,,,50000,True
timed-1000,smtlib-qfidl,DTP/DTP_k2_n35_c245_s9,0,32d86cd25712f1c1f15a8c1c436b422437b73f4d,c0185c3b7ed575db3bb74d5ac3208b6f4b9a86699a05bc6320d3ef9f9aacd8d8,,False,,8.401,30000,50000,0,0,0,50000,8183,0,50,10,4183,4000,4535,4379701,8183,0,,,23709730,50000,True
timed-250,smtlib-qfidl,DTP/DTP_k2_n35_c245_s9,0,32d86cd25712f1c1f15a8c1c436b422437b73f4d,c0185c3b7ed575db3bb74d5ac3208b6f4b9a86699a05bc6320d3ef9f9aacd8d8,,False,,5.62,30000,50000,0,0,0,50000,3790,0,200,0,0,3790,3790,1083906,3790,0,,,0,50000,True
timed-4000,smtlib-qfidl,DTP/DTP_k2_n35_c245_s9,0,32d86cd25712f1c1f15a8c1c436b422437b73f4d,c0185c3b7ed575db3bb74d5ac3208b6f4b9a86699a05bc6320d3ef9f9aacd8d8,,False,,7.479,30000,50000,0,0,0,50000,9892,0,12,2,4434,5458,6820,7501695,9892,0,,,10694070,50000,True
baseline-1000,smtlib-qfidl,DTP/DTP_k2_n35_c245_s9,1,58ae735e7b527a9d5e1050a0111b78f38b8590f0,47e08fddaf216bb294f883b6b2af9c952dcf4681ded7234d34177367e0ed29b1,,False,,6.758,30000,50000,0,0,0,50000,8183,0,50,10,4183,4000,4535,4379701,,,,,,50000,True
timed-1000,smtlib-qfidl,DTP/DTP_k2_n35_c245_s9,1,32d86cd25712f1c1f15a8c1c436b422437b73f4d,c0185c3b7ed575db3bb74d5ac3208b6f4b9a86699a05bc6320d3ef9f9aacd8d8,,False,,6.443,30000,50000,0,0,0,50000,8183,0,50,10,4183,4000,4535,4379701,8183,0,,,22886678,50000,True
timed-250,smtlib-qfidl,DTP/DTP_k2_n35_c245_s9,1,32d86cd25712f1c1f15a8c1c436b422437b73f4d,c0185c3b7ed575db3bb74d5ac3208b6f4b9a86699a05bc6320d3ef9f9aacd8d8,,False,,4.127,30000,50000,0,0,0,50000,3790,0,200,0,0,3790,3790,1083906,3790,0,,,0,50000,True
timed-4000,smtlib-qfidl,DTP/DTP_k2_n35_c245_s9,1,32d86cd25712f1c1f15a8c1c436b422437b73f4d,c0185c3b7ed575db3bb74d5ac3208b6f4b9a86699a05bc6320d3ef9f9aacd8d8,,False,,9.762,30000,50000,0,0,0,50000,9892,0,12,2,4434,5458,6820,7501695,9892,0,,,9285466,50000,True
baseline-1000,smtlib-qfidl,DTP/DTP_k2_n35_c245_s9,2,58ae735e7b527a9d5e1050a0111b78f38b8590f0,47e08fddaf216bb294f883b6b2af9c952dcf4681ded7234d34177367e0ed29b1,,False,,6.819,30000,50000,0,0,0,50000,8183,0,50,10,4183,4000,4535,4379701,,,,,,50000,True
timed-1000,smtlib-qfidl,DTP/DTP_k2_n35_c245_s9,2,32d86cd25712f1c1f15a8c1c436b422437b73f4d,c0185c3b7ed575db3bb74d5ac3208b6f4b9a86699a05bc6320d3ef9f9aacd8d8,,False,,7.882,30000,50000,0,0,0,50000,8183,0,50,10,4183,4000,4535,4379701,8183,0,,,25658324,50000,True
timed-250,smtlib-qfidl,DTP/DTP_k2_n35_c245_s9,2,32d86cd25712f1c1f15a8c1c436b422437b73f4d,c0185c3b7ed575db3bb74d5ac3208b6f4b9a86699a05bc6320d3ef9f9aacd8d8,,False,,5.617,30000,50000,0,0,0,50000,3790,0,200,0,0,3790,3790,1083906,3790,0,,,0,50000,True
timed-4000,smtlib-qfidl,DTP/DTP_k2_n35_c245_s9,2,32d86cd25712f1c1f15a8c1c436b422437b73f4d,c0185c3b7ed575db3bb74d5ac3208b6f4b9a86699a05bc6320d3ef9f9aacd8d8,,False,,7.618,30000,50000,0,0,0,50000,9892,0,12,2,4434,5458,6820,7501695,9892,0,,,9255219,50000,True
