arm,suite,problem,repeat,sha,fingerprint,feasible,proven,objective,solveSeconds,elapsedMs,budgetMs,openBoolDecisions,openIntDecisions,openTheoryDecisions,openTheoryChecks,openWork,openLearned,openRelearned,openRestarts,openReductions,openDropped,openRetained,openPeakRetained,openLearnedWatchVisits,openAssertingConflicts,openNonAssertingConflicts,openClauseActivityBumps,openClauseLbdImprovements,openReductionNs,decisions,equalWorkEligible
bounded-selection,smtlib-qfidl,DTP/DTP_k2_n35_c175_s1,0,df96e6f4e6eeabb800367a1597e5f40f90f7916c,8b1d85bc7f1cbf4578428e4b00b24501294010d966651605658c2254b51b2e8a,True,False,,4.121,4382,30000,38955,0,0,1,38956,6470,0,38,12,2438,4032,4389,3466476,6470,0,,,19330759,38955,True
legacy-selection,smtlib-qfidl,DTP/DTP_k2_n35_c175_s1,0,88ddc1847d778639ba06c194dedaf333f8bb52a6,241ad0946f9157b6f7379d02a95ece78beec8fa26a12fa3b5541287a1db3161e,True,False,,4.249,4488,30000,38955,0,0,1,38956,6470,0,38,12,2438,4032,4389,3466476,6470,0,,,30512941,38955,True
bounded-selection,smtlib-qfidl,DTP/DTP_k2_n35_c175_s1,1,df96e6f4e6eeabb800367a1597e5f40f90f7916c,8b1d85bc7f1cbf4578428e4b00b24501294010d966651605658c2254b51b2e8a,True,False,,4.07,4316,30000,38955,0,0,1,38956,6470,0,38,12,2438,4032,4389,3466476,6470,0,,,20475318,38955,True
legacy-selection,smtlib-qfidl,DTP/DTP_k2_n35_c175_s1,1,88ddc1847d778639ba06c194dedaf333f8bb52a6,241ad0946f9157b6f7379d02a95ece78beec8fa26a12fa3b5541287a1db3161e,True,False,,3.995,4264,30000,38955,0,0,1,38956,6470,0,38,12,2438,4032,4389,3466476,6470,0,,,23248663,38955,True
bounded-selection,smtlib-qfidl,DTP/DTP_k2_n35_c175_s1,2,df96e6f4e6eeabb800367a1597e5f40f90f7916c,8b1d85bc7f1cbf4578428e4b00b24501294010d966651605658c2254b51b2e8a,True,False,,4.647,4921,30000,38955,0,0,1,38956,6470,0,38,12,2438,4032,4389,3466476,6470,0,,,19155073,38955,True
legacy-selection,smtlib-qfidl,DTP/DTP_k2_n35_c175_s1,2,88ddc1847d778639ba06c194dedaf333f8bb52a6,241ad0946f9157b6f7379d02a95ece78beec8fa26a12fa3b5541287a1db3161e,True,False,,3.94,4214,30000,38955,0,0,1,38956,6470,0,38,12,2438,4032,4389,3466476,6470,0,,,23450037,38955,True
bounded-selection,smtlib-qfidl,DTP/DTP_k2_n35_c175_s10,0,df96e6f4e6eeabb800367a1597e5f40f90f7916c,8b1d85bc7f1cbf4578428e4b00b24501294010d966651605658c2254b51b2e8a,,False,,6.342,6581,30000,50000,0,0,0,50000,10719,0,50,18,6719,4000,4596,7405679,10719,0,,,24129216,50000,True
legacy-selection,smtlib-qfidl,DTP/DTP_k2_n35_c175_s10,0,88ddc1847d778639ba06c194dedaf333f8bb52a6,241ad0946f9157b6f7379d02a95ece78beec8fa26a12fa3b5541287a1db3161e,,False,,6.42,6688,30000,50000,0,0,0,50000,10719,0,50,18,6719,4000,4596,7405679,10719,0,,,26895578,50000,True
bounded-selection,smtlib-qfidl,DTP/DTP_k2_n35_c175_s10,1,df96e6f4e6eeabb800367a1597e5f40f90f7916c,8b1d85bc7f1cbf4578428e4b00b24501294010d966651605658c2254b51b2e8a,,False,,6.293,6556,30000,50000,0,0,0,50000,10719,0,50,18,6719,4000,4596,7405679,10719,0,,,24163827,50000,True
legacy-selection,smtlib-qfidl,DTP/DTP_k2_n35_c175_s10,1,88ddc1847d778639ba06c194dedaf333f8bb52a6,241ad0946f9157b6f7379d02a95ece78beec8fa26a12fa3b5541287a1db3161e,,False,,6.375,6631,30000,50000,0,0,0,50000,10719,0,50,18,6719,4000,4596,7405679,10719,0,,,26194091,50000,True
bounded-selection,smtlib-qfidl,DTP/DTP_k2_n35_c175_s10,2,df96e6f4e6eeabb800367a1597e5f40f90f7916c,8b1d85bc7f1cbf4578428e4b00b24501294010d966651605658c2254b51b2e8a,,False,,6.565,6816,30000,50000,0,0,0,50000,10719,0,50,18,6719,4000,4596,7405679,10719,0,,,24662133,50000,True
legacy-selection,smtlib-qfidl,DTP/DTP_k2_n35_c175_s10,2,88ddc1847d778639ba06c194dedaf333f8bb52a6,241ad0946f9157b6f7379d02a95ece78beec8fa26a12fa3b5541287a1db3161e,,False,,6.22,6468,30000,50000,0,0,0,50000,10719,0,50,18,6719,4000,4596,7405679,10719,0,,,27685708,50000,True
bounded-selection,smtlib-qfidl,DTP/DTP_k2_n35_c175_s11,0,df96e6f4e6eeabb800367a1597e5f40f90f7916c,8b1d85bc7f1cbf4578428e4b00b24501294010d966651605658c2254b51b2e8a,,False,,5.177,5417,30000,50000,0,0,0,50000,9739,0,50,19,5739,4000,4687,6282219,9739,0,,,23981642,50000,True
legacy-selection,smtlib-qfidl,DTP/DTP_k2_n35_c175_s11,0,88ddc1847d778639ba06c194dedaf333f8bb52a6,241ad0946f9157b6f7379d02a95ece78beec8fa26a12fa3b5541287a1db3161e,,False,,5.343,5602,30000,50000,0,0,0,50000,9739,0,50,19,5739,4000,4687,6282219,9739,0,,,24356436,50000,True
bounded-selection,smtlib-qfidl,DTP/DTP_k2_n35_c175_s11,1,df96e6f4e6eeabb800367a1597e5f40f90f7916c,8b1d85bc7f1cbf4578428e4b00b24501294010d966651605658c2254b51b2e8a,,False,,5.224,5491,30000,50000,0,0,0,50000,9739,0,50,19,5739,4000,4687,6282219,9739,0,,,23912978,50000,True
legacy-selection,smtlib-qfidl,DTP/DTP_k2_n35_c175_s11,1,88ddc1847d778639ba06c194dedaf333f8bb52a6,241ad0946f9157b6f7379d02a95ece78beec8fa26a12fa3b5541287a1db3161e,,False,,5.208,5448,30000,50000,0,0,0,50000,9739,0,50,19,5739,4000,4687,6282219,9739,0,,,25543788,50000,True
bounded-selection,smtlib-qfidl,DTP/DTP_k2_n35_c175_s11,2,df96e6f4e6eeabb800367a1597e5f40f90f7916c,8b1d85bc7f1cbf4578428e4b00b24501294010d966651605658c2254b51b2e8a,,False,,5.163,5404,30000,50000,0,0,0,50000,9739,0,50,19,5739,4000,4687,6282219,9739,0,,,24904570,50000,True
legacy-selection,smtlib-qfidl,DTP/DTP_k2_n35_c175_s11,2,88ddc1847d778639ba06c194dedaf333f8bb52a6,241ad0946f9157b6f7379d02a95ece78beec8fa26a12fa3b5541287a1db3161e,,False,,5.407,5665,30000,50000,0,0,0,50000,9739,0,50,19,5739,4000,4687,6282219,9739,0,,,24781027,50000,True
bounded-selection,smtlib-qfidl,DTP/DTP_k2_n35_c175_s12,0,df96e6f4e6eeabb800367a1597e5f40f90f7916c,8b1d85bc7f1cbf4578428e4b00b24501294010d966651605658c2254b51b2e8a,,False,,7.098,7315,30000,50000,0,0,0,50000,13739,0,50,21,9739,4000,4975,10486648,13739,0,,,28351898,50000,True
legacy-selection,smtlib-qfidl,DTP/DTP_k2_n35_c175_s12,0,88ddc1847d778639ba06c194dedaf333f8bb52a6,241ad0946f9157b6f7379d02a95ece78beec8fa26a12fa3b5541287a1db3161e,,False,,6.836,7088,30000,50000,0,0,0,50000,13739,0,50,21,9739,4000,4975,10486648,13739,0,,,26617958,50000,True
bounded-selection,smtlib-qfidl,DTP/DTP_k2_n35_c175_s12,1,df96e6f4e6eeabb800367a1597e5f40f90f7916c,8b1d85bc7f1cbf4578428e4b00b24501294010d966651605658c2254b51b2e8a,,False,,7.129,7375,30000,50000,0,0,0,50000,13739,0,50,21,9739,4000,4975,10486648,13739,0,,,24725654,50000,True
legacy-selection,smtlib-qfidl,DTP/DTP_k2_n35_c175_s12,1,88ddc1847d778639ba06c194dedaf333f8bb52a6,241ad0946f9157b6f7379d02a95ece78beec8fa26a12fa3b5541287a1db3161e,,False,,7.747,7995,30000,50000,0,0,0,50000,13739,0,50,21,9739,4000,4975,10486648,13739,0,,,27036606,50000,True
bounded-selection,smtlib-qfidl,DTP/DTP_k2_n35_c175_s12,2,df96e6f4e6eeabb800367a1597e5f40f90f7916c,8b1d85bc7f1cbf4578428e4b00b24501294010d966651605658c2254b51b2e8a,,False,,7.087,7326,30000,50000,0,0,0,50000,13739,0,50,21,9739,4000,4975,10486648,13739,0,,,28156082,50000,True
legacy-selection,smtlib-qfidl,DTP/DTP_k2_n35_c175_s12,2,88ddc1847d778639ba06c194dedaf333f8bb52a6,241ad0946f9157b6f7379d02a95ece78beec8fa26a12fa3b5541287a1db3161e,,False,,7.152,7413,30000,50000,0,0,0,50000,13739,0,50,21,9739,4000,4975,10486648,13739,0,,,33788229,50000,True
bounded-selection,smtlib-qfidl,DTP/DTP_k2_n35_c175_s13,0,df96e6f4e6eeabb800367a1597e5f40f90f7916c,8b1d85bc7f1cbf4578428e4b00b24501294010d966651605658c2254b51b2e8a,True,False,,2.504,2733,30000,33656,0,0,1,33657,3376,0,33,0,0,3376,3376,685153,3376,0,,,0,33656,True
legacy-selection,smtlib-qfidl,DTP/DTP_k2_n35_c175_s13,0,88ddc1847d778639ba06c194dedaf333f8bb52a6,241ad0946f9157b6f7379d02a95ece78beec8fa26a12fa3b5541287a1db3161e,True,False,,2.584,2846,30000,33656,0,0,1,33657,3376,0,33,0,0,3376,3376,685153,3376,0,,,0,33656,True
bounded-selection,smtlib-qfidl,DTP/DTP_k2_n35_c175_s13,1,df96e6f4e6eeabb800367a1597e5f40f90f7916c,8b1d85bc7f1cbf4578428e4b00b24501294010d966651605658c2254b51b2e8a,True,False,,2.503,2743,30000,33656,0,0,1,33657,3376,0,33,0,0,3376,3376,685153,3376,0,,,0,33656,True
legacy-selection,smtlib-qfidl,DTP/DTP_k2_n35_c175_s13,1,88ddc1847d778639ba06c194dedaf333f8bb52a6,241ad0946f9157b6f7379d02a95ece78beec8fa26a12fa3b5541287a1db3161e,True,False,,2.565,2829,30000,33656,0,0,1,33657,3376,0,33,0,0,3376,3376,685153,3376,0,,,0,33656,True
bounded-selection,smtlib-qfidl,DTP/DTP_k2_n35_c175_s13,2,df96e6f4e6eeabb800367a1597e5f40f90f7916c,8b1d85bc7f1cbf4578428e4b00b24501294010d966651605658c2254b51b2e8a,True,False,,2.741,3015,30000,33656,0,0,1,33657,3376,0,33,0,0,3376,3376,685153,3376,0,,,0,33656,True
legacy-selection,smtlib-qfidl,DTP/DTP_k2_n35_c175_s13,2,88ddc1847d778639ba06c194dedaf333f8bb52a6,241ad0946f9157b6f7379d02a95ece78beec8fa26a12fa3b5541287a1db3161e,True,False,,3.0,3284,30000,33656,0,0,1,33657,3376,0,33,0,0,3376,3376,685153,3376,0,,,0,33656,True
bounded-selection,smtlib-qfidl,DTP/DTP_k2_n35_c175_s14,0,df96e6f4e6eeabb800367a1597e5f40f90f7916c,8b1d85bc7f1cbf4578428e4b00b24501294010d966651605658c2254b51b2e8a,,False,,5.88,6132,30000,50000,0,0,0,50000,9667,0,50,19,5667,4000,4793,5186837,9667,0,,,26120569,50000,True
legacy-selection,smtlib-qfidl,DTP/DTP_k2_n35_c175_s14,0,88ddc1847d778639ba06c194dedaf333f8bb52a6,241ad0946f9157b6f7379d02a95ece78beec8fa26a12fa3b5541287a1db3161e,,False,,5.685,5915,30000,50000,0,0,0,50000,9667,0,50,19,5667,4000,4793,5186837,9667,0,,,26155965,50000,True
bounded-selection,smtlib-qfidl,DTP/DTP_k2_n35_c175_s14,1,df96e6f4e6eeabb800367a1597e5f40f90f7916c,8b1d85bc7f1cbf4578428e4b00b24501294010d966651605658c2254b51b2e8a,,False,,5.709,5965,30000,50000,0,0,0,50000,9667,0,50,19,5667,4000,4793,5186837,9667,0,,,23628681,50000,True
legacy-selection,smtlib-qfidl,DTP/DTP_k2_n35_c175_s14,1,88ddc1847d778639ba06c194dedaf333f8bb52a6,241ad0946f9157b6f7379d02a95ece78beec8fa26a12fa3b5541287a1db3161e,,False,,5.63,5914,30000,50000,0,0,0,50000,9667,0,50,19,5667,4000,4793,5186837,9667,0,,,30256704,50000,True
bounded-selection,smtlib-qfidl,DTP/DTP_k2_n35_c175_s14,2,df96e6f4e6eeabb800367a1597e5f40f90f7916c,8b1d85bc7f1cbf4578428e4b00b24501294010d966651605658c2254b51b2e8a,,False,,5.689,5952,30000,50000,0,0,0,50000,9667,0,50,19,5667,4000,4793,5186837,9667,0,,,23915932,50000,True
legacy-selection,smtlib-qfidl,DTP/DTP_k2_n35_c175_s14,2,88ddc1847d778639ba06c194dedaf333f8bb52a6,241ad0946f9157b6f7379d02a95ece78beec8fa26a12fa3b5541287a1db3161e,,False,,5.708,5935,30000,50000,0,0,0,50000,9667,0,50,19,5667,4000,4793,5186837,9667,0,,,26690472,50000,True
bounded-selection,smtlib-qfidl,DTP/DTP_k2_n35_c175_s15,0,df96e6f4e6eeabb800367a1597e5f40f90f7916c,8b1d85bc7f1cbf4578428e4b00b24501294010d966651605658c2254b51b2e8a,True,False,,1.055,1288,30000,17622,0,0,1,17623,632,0,17,0,0,632,632,33395,632,0,,,0,17622,True
legacy-selection,smtlib-qfidl,DTP/DTP_k2_n35_c175_s15,0,88ddc1847d778639ba06c194dedaf333f8bb52a6,241ad0946f9157b6f7379d02a95ece78beec8fa26a12fa3b5541287a1db3161e,True,False,,1.082,1346,30000,17622,0,0,1,17623,632,0,17,0,0,632,632,33395,632,0,,,0,17622,True
bounded-selection,smtlib-qfidl,DTP/DTP_k2_n35_c175_s15,1,df96e6f4e6eeabb800367a1597e5f40f90f7916c,8b1d85bc7f1cbf4578428e4b00b24501294010d966651605658c2254b51b2e8a,True,False,,1.072,1307,30000,17622,0,0,1,17623,632,0,17,0,0,632,632,33395,632,0,,,0,17622,True
legacy-selection,smtlib-qfidl,DTP/DTP_k2_n35_c175_s15,1,88ddc1847d778639ba06c194dedaf333f8bb52a6,241ad0946f9157b6f7379d02a95ece78beec8fa26a12fa3b5541287a1db3161e,True,False,,1.105,1376,30000,17622,0,0,1,17623,632,0,17,0,0,632,632,33395,632,0,,,0,17622,True
bounded-selection,smtlib-qfidl,DTP/DTP_k2_n35_c175_s15,2,df96e6f4e6eeabb800367a1597e5f40f90f7916c,8b1d85bc7f1cbf4578428e4b00b24501294010d966651605658c2254b51b2e8a,True,False,,1.118,1346,30000,17622,0,0,1,17623,632,0,17,0,0,632,632,33395,632,0,,,0,17622,True
legacy-selection,smtlib-qfidl,DTP/DTP_k2_n35_c175_s15,2,88ddc1847d778639ba06c194dedaf333f8bb52a6,241ad0946f9157b6f7379d02a95ece78beec8fa26a12fa3b5541287a1db3161e,True,False,,1.123,1380,30000,17622,0,0,1,17623,632,0,17,0,0,632,632,33395,632,0,,,0,17622,True
bounded-selection,smtlib-qfidl,DTP/DTP_k2_n35_c175_s16,0,df96e6f4e6eeabb800367a1597e5f40f90f7916c,8b1d85bc7f1cbf4578428e4b00b24501294010d966651605658c2254b51b2e8a,True,False,,2.875,3095,30000,31144,0,0,1,31145,3768,0,31,0,0,3768,3768,1551167,3768,0,,,0,31144,True
legacy-selection,smtlib-qfidl,DTP/DTP_k2_n35_c175_s16,0,88ddc1847d778639ba06c194dedaf333f8bb52a6,241ad0946f9157b6f7379d02a95ece78beec8fa26a12fa3b5541287a1db3161e,True,False,,2.62,2886,30000,31144,0,0,1,31145,3768,0,31,0,0,3768,3768,1551167,3768,0,,,0,31144,True
bounded-selection,smtlib-qfidl,DTP/DTP_k2_n35_c175_s16,1,df96e6f4e6eeabb800367a1597e5f40f90f7916c,8b1d85bc7f1cbf4578428e4b00b24501294010d966651605658c2254b51b2e8a,True,False,,2.86,3087,30000,31144,0,0,1,31145,3768,0,31,0,0,3768,3768,1551167,3768,0,,,0,31144,True
legacy-selection,smtlib-qfidl,DTP/DTP_k2_n35_c175_s16,1,88ddc1847d778639ba06c194dedaf333f8bb52a6,241ad0946f9157b6f7379d02a95ece78beec8fa26a12fa3b5541287a1db3161e,True,False,,2.839,3092,30000,31144,0,0,1,31145,3768,0,31,0,0,3768,3768,1551167,3768,0,,,0,31144,True
bounded-selection,smtlib-qfidl,DTP/DTP_k2_n35_c175_s16,2,df96e6f4e6eeabb800367a1597e5f40f90f7916c,8b1d85bc7f1cbf4578428e4b00b24501294010d966651605658c2254b51b2e8a,True,False,,2.941,3157,30000,31144,0,0,1,31145,3768,0,31,0,0,3768,3768,1551167,3768,0,,,0,31144,True
legacy-selection,smtlib-qfidl,DTP/DTP_k2_n35_c175_s16,2,88ddc1847d778639ba06c194dedaf333f8bb52a6,241ad0946f9157b6f7379d02a95ece78beec8fa26a12fa3b5541287a1db3161e,True,False,,2.584,2813,30000,31144,0,0,1,31145,3768,0,31,0,0,3768,3768,1551167,3768,0,,,0,31144,True
bounded-selection,smtlib-qfidl,DTP/DTP_k2_n35_c175_s17,0,df96e6f4e6eeabb800367a1597e5f40f90f7916c,8b1d85bc7f1cbf4578428e4b00b24501294010d966651605658c2254b51b2e8a,True,False,,2.042,2302,30000,26749,0,0,1,26750,1774,0,26,0,0,1774,1774,252442,1774,0,,,0,26749,True
legacy-selection,smtlib-qfidl,DTP/DTP_k2_n35_c175_s17,0,88ddc1847d778639ba06c194dedaf333f8bb52a6,241ad0946f9157b6f7379d02a95ece78beec8fa26a12fa3b5541287a1db3161e,True,False,,1.961,2252,30000,26749,0,0,1,26750,1774,0,26,0,0,1774,1774,252442,1774,0,,,0,26749,True
bounded-selection,smtlib-qfidl,DTP/DTP_k2_n35_c175_s17,1,df96e6f4e6eeabb800367a1597e5f40f90f7916c,8b1d85bc7f1cbf4578428e4b00b24501294010d966651605658c2254b51b2e8a,True,False,,1.928,2202,30000,26749,0,0,1,26750,1774,0,26,0,0,1774,1774,252442,1774,0,,,0,26749,True
legacy-selection,smtlib-qfidl,DTP/DTP_k2_n35_c175_s17,1,88ddc1847d778639ba06c194dedaf333f8bb52a6,241ad0946f9157b6f7379d02a95ece78beec8fa26a12fa3b5541287a1db3161e,True,False,,1.906,2176,30000,26749,0,0,1,26750,1774,0,26,0,0,1774,1774,252442,1774,0,,,0,26749,True
bounded-selection,smtlib-qfidl,DTP/DTP_k2_n35_c175_s17,2,df96e6f4e6eeabb800367a1597e5f40f90f7916c,8b1d85bc7f1cbf4578428e4b00b24501294010d966651605658c2254b51b2e8a,True,False,,1.992,2243,30000,26749,0,0,1,26750,1774,0,26,0,0,1774,1774,252442,1774,0,,,0,26749,True
legacy-selection,smtlib-qfidl,DTP/DTP_k2_n35_c175_s17,2,88ddc1847d778639ba06c194dedaf333f8bb52a6,241ad0946f9157b6f7379d02a95ece78beec8fa26a12fa3b5541287a1db3161e,True,False,,1.861,2094,30000,26749,0,0,1,26750,1774,0,26,0,0,1774,1774,252442,1774,0,,,0,26749,True
bounded-selection,smtlib-qfidl,DTP/DTP_k2_n35_c175_s18,0,df96e6f4e6eeabb800367a1597e5f40f90f7916c,8b1d85bc7f1cbf4578428e4b00b24501294010d966651605658c2254b51b2e8a,,False,,6.999,7270,30000,50000,0,0,0,50000,14338,0,50,24,10338,4000,4879,11186674,14338,0,,,27608698,50000,True
legacy-selection,smtlib-qfidl,DTP/DTP_k2_n35_c175_s18,0,88ddc1847d778639ba06c194dedaf333f8bb52a6,241ad0946f9157b6f7379d02a95ece78beec8fa26a12fa3b5541287a1db3161e,,False,,7.515,7741,30000,50000,0,0,0,50000,14338,0,50,24,10338,4000,4879,11186674,14338,0,,,33839410,50000,True
bounded-selection,smtlib-qfidl,DTP/DTP_k2_n35_c175_s18,1,df96e6f4e6eeabb800367a1597e5f40f90f7916c,8b1d85bc7f1cbf4578428e4b00b24501294010d966651605658c2254b51b2e8a,,False,,7.989,8279,30000,50000,0,0,0,50000,14338,0,50,24,10338,4000,4879,11186674,14338,0,,,27911759,50000,True
legacy-selection,smtlib-qfidl,DTP/DTP_k2_n35_c175_s18,1,88ddc1847d778639ba06c194dedaf333f8bb52a6,241ad0946f9157b6f7379d02a95ece78beec8fa26a12fa3b5541287a1db3161e,,False,,7.112,7377,30000,50000,0,0,0,50000,14338,0,50,24,10338,4000,4879,11186674,14338,0,,,30983257,50000,True
bounded-selection,smtlib-qfidl,DTP/DTP_k2_n35_c175_s18,2,df96e6f4e6eeabb800367a1597e5f40f90f7916c,8b1d85bc7f1cbf4578428e4b00b24501294010d966651605658c2254b51b2e8a,,False,,7.015,7266,30000,50000,0,0,0,50000,14338,0,50,24,10338,4000,4879,11186674,14338,0,,,30568575,50000,True
legacy-selection,smtlib-qfidl,DTP/DTP_k2_n35_c175_s18,2,88ddc1847d778639ba06c194dedaf333f8bb52a6,241ad0946f9157b6f7379d02a95ece78beec8fa26a12fa3b5541287a1db3161e,,False,,7.937,8180,30000,50000,0,0,0,50000,14338,0,50,24,10338,4000,4879,11186674,14338,0,,,29780002,50000,True
bounded-selection,smtlib-qfidl,DTP/DTP_k2_n35_c175_s19,0,df96e6f4e6eeabb800367a1597e5f40f90f7916c,8b1d85bc7f1cbf4578428e4b00b24501294010d966651605658c2254b51b2e8a,,False,,7.019,7237,30000,50000,0,0,0,50000,15121,0,50,28,11121,4000,4661,11203460,15121,0,,,27495048,50000,True
legacy-selection,smtlib-qfidl,DTP/DTP_k2_n35_c175_s19,0,88ddc1847d778639ba06c194dedaf333f8bb52a6,241ad0946f9157b6f7379d02a95ece78beec8fa26a12fa3b5541287a1db3161e,,False,,7.085,7334,30000,50000,0,0,0,50000,15121,0,50,28,11121,4000,4661,11203460,15121,0,,,30990679,50000,True
bounded-selection,smtlib-qfidl,DTP/DTP_k2_n35_c175_s19,1,df96e6f4e6eeabb800367a1597e5f40f90f7916c,8b1d85bc7f1cbf4578428e4b00b24501294010d966651605658c2254b51b2e8a,,False,,7.158,7430,30000,50000,0,0,0,50000,15121,0,50,28,11121,4000,4661,11203460,15121,0,,,27604315,50000,True
legacy-selection,smtlib-qfidl,DTP/DTP_k2_n35_c175_s19,1,88ddc1847d778639ba06c194dedaf333f8bb52a6,241ad0946f9157b6f7379d02a95ece78beec8fa26a12fa3b5541287a1db3161e,,False,,7.726,7997,30000,50000,0,0,0,50000,15121,0,50,28,11121,4000,4661,11203460,15121,0,,,30493387,50000,True
bounded-selection,smtlib-qfidl,DTP/DTP_k2_n35_c175_s19,2,df96e6f4e6eeabb800367a1597e5f40f90f7916c,8b1d85bc7f1cbf4578428e4b00b24501294010d966651605658c2254b51b2e8a,,False,,7.255,7484,30000,50000,0,0,0,50000,15121,0,50,28,11121,4000,4661,11203460,15121,0,,,27739881,50000,True
legacy-selection,smtlib-qfidl,DTP/DTP_k2_n35_c175_s19,2,88ddc1847d778639ba06c194dedaf333f8bb52a6,241ad0946f9157b6f7379d02a95ece78beec8fa26a12fa3b5541287a1db3161e,,False,,7.117,7398,30000,50000,0,0,0,50000,15121,0,50,28,11121,4000,4661,11203460,15121,0,,,30191760,50000,True
bounded-selection,smtlib-qfidl,DTP/DTP_k2_n35_c175_s2,0,df96e6f4e6eeabb800367a1597e5f40f90f7916c,8b1d85bc7f1cbf4578428e4b00b24501294010d966651605658c2254b51b2e8a,,False,,8.418,8684,30000,50000,0,0,0,50000,17233,0,50,24,13233,4000,4708,14508670,17233,0,,,26051299,50000,True
legacy-selection,smtlib-qfidl,DTP/DTP_k2_n35_c175_s2,0,88ddc1847d778639ba06c194dedaf333f8bb52a6,241ad0946f9157b6f7379d02a95ece78beec8fa26a12fa3b5541287a1db3161e,,False,,8.356,8608,30000,50000,0,0,0,50000,17233,0,50,24,13233,4000,4708,14508670,17233,0,,,29361497,50000,True
bounded-selection,smtlib-qfidl,DTP/DTP_k2_n35_c175_s2,1,df96e6f4e6eeabb800367a1597e5f40f90f7916c,8b1d85bc7f1cbf4578428e4b00b24501294010d966651605658c2254b51b2e8a,,False,,8.781,9029,30000,50000,0,0,0,50000,17233,0,50,24,13233,4000,4708,14508670,17233,0,,,27242519,50000,True
legacy-selection,smtlib-qfidl,DTP/DTP_k2_n35_c175_s2,1,88ddc1847d778639ba06c194dedaf333f8bb52a6,241ad0946f9157b6f7379d02a95ece78beec8fa26a12fa3b5541287a1db3161e,,False,,8.293,8545,30000,50000,0,0,0,50000,17233,0,50,24,13233,4000,4708,14508670,17233,0,,,30393032,50000,True
bounded-selection,smtlib-qfidl,DTP/DTP_k2_n35_c175_s2,2,df96e6f4e6eeabb800367a1597e5f40f90f7916c,8b1d85bc7f1cbf4578428e4b00b24501294010d966651605658c2254b51b2e8a,,False,,8.56,8841,30000,50000,0,0,0,50000,17233,0,50,24,13233,4000,4708,14508670,17233,0,,,28672865,50000,True
legacy-selection,smtlib-qfidl,DTP/DTP_k2_n35_c175_s2,2,88ddc1847d778639ba06c194dedaf333f8bb52a6,241ad0946f9157b6f7379d02a95ece78beec8fa26a12fa3b5541287a1db3161e,,False,,8.391,8632,30000,50000,0,0,0,50000,17233,0,50,24,13233,4000,4708,14508670,17233,0,,,31507543,50000,True
bounded-selection,smtlib-qfidl,DTP/DTP_k2_n35_c175_s20,0,df96e6f4e6eeabb800367a1597e5f40f90f7916c,8b1d85bc7f1cbf4578428e4b00b24501294010d966651605658c2254b51b2e8a,True,False,,4.95,5206,30000,48881,0,0,1,48882,5931,0,48,7,1874,4057,4517,3075644,5931,0,,,14781034,48881,True
legacy-selection,smtlib-qfidl,DTP/DTP_k2_n35_c175_s20,0,88ddc1847d778639ba06c194dedaf333f8bb52a6,241ad0946f9157b6f7379d02a95ece78beec8fa26a12fa3b5541287a1db3161e,True,False,,3.917,4168,30000,48881,0,0,1,48882,5931,0,48,7,1874,4057,4517,3075644,5931,0,,,17670430,48881,True
bounded-selection,smtlib-qfidl,DTP/DTP_k2_n35_c175_s20,1,df96e6f4e6eeabb800367a1597e5f40f90f7916c,8b1d85bc7f1cbf4578428e4b00b24501294010d966651605658c2254b51b2e8a,True,False,,4.054,4282,30000,48881,0,0,1,48882,5931,0,48,7,1874,4057,4517,3075644,5931,0,,,13756868,48881,True
legacy-selection,smtlib-qfidl,DTP/DTP_k2_n35_c175_s20,1,88ddc1847d778639ba06c194dedaf333f8bb52a6,241ad0946f9157b6f7379d02a95ece78beec8fa26a12fa3b5541287a1db3161e,True,False,,3.991,4263,30000,48881,0,0,1,48882,5931,0,48,7,1874,4057,4517,3075644,5931,0,,,21466632,48881,True
bounded-selection,smtlib-qfidl,DTP/DTP_k2_n35_c175_s20,2,df96e6f4e6eeabb800367a1597e5f40f90f7916c,8b1d85bc7f1cbf4578428e4b00b24501294010d966651605658c2254b51b2e8a,True,False,,3.986,4236,30000,48881,0,0,1,48882,5931,0,48,7,1874,4057,4517,3075644,5931,0,,,13748762,48881,True
legacy-selection,smtlib-qfidl,DTP/DTP_k2_n35_c175_s20,2,88ddc1847d778639ba06c194dedaf333f8bb52a6,241ad0946f9157b6f7379d02a95ece78beec8fa26a12fa3b5541287a1db3161e,True,False,,4.199,4431,30000,48881,0,0,1,48882,5931,0,48,7,1874,4057,4517,3075644,5931,0,,,18281707,48881,True
bounded-selection,smtlib-qfidl,DTP/DTP_k2_n35_c175_s3,0,df96e6f4e6eeabb800367a1597e5f40f90f7916c,8b1d85bc7f1cbf4578428e4b00b24501294010d966651605658c2254b51b2e8a,,False,,7.274,7505,30000,50000,0,0,0,50000,11982,0,50,19,7982,4000,4973,8725098,11982,0,,,27894788,50000,True
legacy-selection,smtlib-qfidl,DTP/DTP_k2_n35_c175_s3,0,88ddc1847d778639ba06c194dedaf333f8bb52a6,241ad0946f9157b6f7379d02a95ece78beec8fa26a12fa3b5541287a1db3161e,,False,,7.106,7372,30000,50000,0,0,0,50000,11982,0,50,19,7982,4000,4973,8725098,11982,0,,,29443280,50000,True
bounded-selection,smtlib-qfidl,DTP/DTP_k2_n35_c175_s3,1,df96e6f4e6eeabb800367a1597e5f40f90f7916c,8b1d85bc7f1cbf4578428e4b00b24501294010d966651605658c2254b51b2e8a,,False,,7.34,7571,30000,50000,0,0,0,50000,11982,0,50,19,7982,4000,4973,8725098,11982,0,,,27780455,50000,True
legacy-selection,smtlib-qfidl,DTP/DTP_k2_n35_c175_s3,1,88ddc1847d778639ba06c194dedaf333f8bb52a6,241ad0946f9157b6f7379d02a95ece78beec8fa26a12fa3b5541287a1db3161e,,False,,6.974,7232,30000,50000,0,0,0,50000,11982,0,50,19,7982,4000,4973,8725098,11982,0,,,27347873,50000,True
bounded-selection,smtlib-qfidl,DTP/DTP_k2_n35_c175_s3,2,df96e6f4e6eeabb800367a1597e5f40f90f7916c,8b1d85bc7f1cbf4578428e4b00b24501294010d966651605658c2254b51b2e8a,,False,,7.896,8139,30000,50000,0,0,0,50000,11982,0,50,19,7982,4000,4973,8725098,11982,0,,,26130192,50000,True
legacy-selection,smtlib-qfidl,DTP/DTP_k2_n35_c175_s3,2,88ddc1847d778639ba06c194dedaf333f8bb52a6,241ad0946f9157b6f7379d02a95ece78beec8fa26a12fa3b5541287a1db3161e,,False,,7.263,7513,30000,50000,0,0,0,50000,11982,0,50,19,7982,4000,4973,8725098,11982,0,,,31493965,50000,True
bounded-selection,smtlib-qfidl,DTP/DTP_k2_n35_c175_s4,0,df96e6f4e6eeabb800367a1597e5f40f90f7916c,8b1d85bc7f1cbf4578428e4b00b24501294010d966651605658c2254b51b2e8a,True,False,,5.535,5784,30000,47889,0,0,1,47890,10997,0,47,20,6963,4034,4539,8522666,10997,0,,,25077648,47889,True
legacy-selection,smtlib-qfidl,DTP/DTP_k2_n35_c175_s4,0,88ddc1847d778639ba06c194dedaf333f8bb52a6,241ad0946f9157b6f7379d02a95ece78beec8fa26a12fa3b5541287a1db3161e,True,False,,5.741,6002,30000,47889,0,0,1,47890,10997,0,47,20,6963,4034,4539,8522666,10997,0,,,30451900,47889,True
bounded-selection,smtlib-qfidl,DTP/DTP_k2_n35_c175_s4,1,df96e6f4e6eeabb800367a1597e5f40f90f7916c,8b1d85bc7f1cbf4578428e4b00b24501294010d966651605658c2254b51b2e8a,True,False,,6.211,6470,30000,47889,0,0,1,47890,10997,0,47,20,6963,4034,4539,8522666,10997,0,,,23933409,47889,True
legacy-selection,smtlib-qfidl,DTP/DTP_k2_n35_c175_s4,1,88ddc1847d778639ba06c194dedaf333f8bb52a6,241ad0946f9157b6f7379d02a95ece78beec8fa26a12fa3b5541287a1db3161e,True,False,,6.199,6471,30000,47889,0,0,1,47890,10997,0,47,20,6963,4034,4539,8522666,10997,0,,,29517534,47889,True
bounded-selection,smtlib-qfidl,DTP/DTP_k2_n35_c175_s4,2,df96e6f4e6eeabb800367a1597e5f40f90f7916c,8b1d85bc7f1cbf4578428e4b00b24501294010d966651605658c2254b51b2e8a,True,False,,6.716,6936,30000,47889,0,0,1,47890,10997,0,47,20,6963,4034,4539,8522666,10997,0,,,24720806,47889,True
legacy-selection,smtlib-qfidl,DTP/DTP_k2_n35_c175_s4,2,88ddc1847d778639ba06c194dedaf333f8bb52a6,241ad0946f9157b6f7379d02a95ece78beec8fa26a12fa3b5541287a1db3161e,True,False,,5.457,5732,30000,47889,0,0,1,47890,10997,0,47,20,6963,4034,4539,8522666,10997,0,,,25594449,47889,True
bounded-selection,smtlib-qfidl,DTP/DTP_k2_n35_c175_s5,0,df96e6f4e6eeabb800367a1597e5f40f90f7916c,8b1d85bc7f1cbf4578428e4b00b24501294010d966651605658c2254b51b2e8a,True,False,,1.32,1554,30000,18759,0,0,1,18760,848,0,18,0,0,848,848,51641,848,0,,,0,18759,True
legacy-selection,smtlib-qfidl,DTP/DTP_k2_n35_c175_s5,0,88ddc1847d778639ba06c194dedaf333f8bb52a6,241ad0946f9157b6f7379d02a95ece78beec8fa26a12fa3b5541287a1db3161e,True,False,,1.314,1552,30000,18759,0,0,1,18760,848,0,18,0,0,848,848,51641,848,0,,,0,18759,True
bounded-selection,smtlib-qfidl,DTP/DTP_k2_n35_c175_s5,1,df96e6f4e6eeabb800367a1597e5f40f90f7916c,8b1d85bc7f1cbf4578428e4b00b24501294010d966651605658c2254b51b2e8a,True,False,,1.307,1527,30000,18759,0,0,1,18760,848,0,18,0,0,848,848,51641,848,0,,,0,18759,True
legacy-selection,smtlib-qfidl,DTP/DTP_k2_n35_c175_s5,1,88ddc1847d778639ba06c194dedaf333f8bb52a6,241ad0946f9157b6f7379d02a95ece78beec8fa26a12fa3b5541287a1db3161e,True,False,,1.279,1508,30000,18759,0,0,1,18760,848,0,18,0,0,848,848,51641,848,0,,,0,18759,True
bounded-selection,smtlib-qfidl,DTP/DTP_k2_n35_c175_s5,2,df96e6f4e6eeabb800367a1597e5f40f90f7916c,8b1d85bc7f1cbf4578428e4b00b24501294010d966651605658c2254b51b2e8a,True,False,,1.532,1747,30000,18759,0,0,1,18760,848,0,18,0,0,848,848,51641,848,0,,,0,18759,True
legacy-selection,smtlib-qfidl,DTP/DTP_k2_n35_c175_s5,2,88ddc1847d778639ba06c194dedaf333f8bb52a6,241ad0946f9157b6f7379d02a95ece78beec8fa26a12fa3b5541287a1db3161e,True,False,,1.287,1526,30000,18759,0,0,1,18760,848,0,18,0,0,848,848,51641,848,0,,,0,18759,True
bounded-selection,smtlib-qfidl,DTP/DTP_k2_n35_c175_s6,0,df96e6f4e6eeabb800367a1597e5f40f90f7916c,8b1d85bc7f1cbf4578428e4b00b24501294010d966651605658c2254b51b2e8a,,False,,7.5,7737,30000,50000,0,0,0,50000,13352,0,50,24,9352,4000,4620,9719011,13352,0,,,29607106,50000,True
legacy-selection,smtlib-qfidl,DTP/DTP_k2_n35_c175_s6,0,88ddc1847d778639ba06c194dedaf333f8bb52a6,241ad0946f9157b6f7379d02a95ece78beec8fa26a12fa3b5541287a1db3161e,,False,,7.812,8079,30000,50000,0,0,0,50000,13352,0,50,24,9352,4000,4620,9719011,13352,0,,,27854746,50000,True
bounded-selection,smtlib-qfidl,DTP/DTP_k2_n35_c175_s6,1,df96e6f4e6eeabb800367a1597e5f40f90f7916c,8b1d85bc7f1cbf4578428e4b00b24501294010d966651605658c2254b51b2e8a,,False,,7.5,7767,30000,50000,0,0,0,50000,13352,0,50,24,9352,4000,4620,9719011,13352,0,,,26579381,50000,True
legacy-selection,smtlib-qfidl,DTP/DTP_k2_n35_c175_s6,1,88ddc1847d778639ba06c194dedaf333f8bb52a6,241ad0946f9157b6f7379d02a95ece78beec8fa26a12fa3b5541287a1db3161e,,False,,7.547,7832,30000,50000,0,0,0,50000,13352,0,50,24,9352,4000,4620,9719011,13352,0,,,28059712,50000,True
bounded-selection,smtlib-qfidl,DTP/DTP_k2_n35_c175_s6,2,df96e6f4e6eeabb800367a1597e5f40f90f7916c,8b1d85bc7f1cbf4578428e4b00b24501294010d966651605658c2254b51b2e8a,,False,,7.514,7777,30000,50000,0,0,0,50000,13352,0,50,24,9352,4000,4620,9719011,13352,0,,,29363932,50000,True
legacy-selection,smtlib-qfidl,DTP/DTP_k2_n35_c175_s6,2,88ddc1847d778639ba06c194dedaf333f8bb52a6,241ad0946f9157b6f7379d02a95ece78beec8fa26a12fa3b5541287a1db3161e,,False,,7.696,7969,30000,50000,0,0,0,50000,13352,0,50,24,9352,4000,4620,9719011,13352,0,,,32775057,50000,True
bounded-selection,smtlib-qfidl,DTP/DTP_k2_n35_c175_s7,0,df96e6f4e6eeabb800367a1597e5f40f90f7916c,8b1d85bc7f1cbf4578428e4b00b24501294010d966651605658c2254b51b2e8a,,False,,8.397,8629,30000,50000,0,0,0,50000,16700,0,50,31,12700,4000,4643,12228740,16700,0,,,31614313,50000,True
legacy-selection,smtlib-qfidl,DTP/DTP_k2_n35_c175_s7,0,88ddc1847d778639ba06c194dedaf333f8bb52a6,241ad0946f9157b6f7379d02a95ece78beec8fa26a12fa3b5541287a1db3161e,,False,,8.372,8609,30000,50000,0,0,0,50000,16700,0,50,31,12700,4000,4643,12228740,16700,0,,,32777998,50000,True
bounded-selection,smtlib-qfidl,DTP/DTP_k2_n35_c175_s7,1,df96e6f4e6eeabb800367a1597e5f40f90f7916c,8b1d85bc7f1cbf4578428e4b00b24501294010d966651605658c2254b51b2e8a,,False,,9.242,9484,30000,50000,0,0,0,50000,16700,0,50,31,12700,4000,4643,12228740,16700,0,,,29095542,50000,True
legacy-selection,smtlib-qfidl,DTP/DTP_k2_n35_c175_s7,1,88ddc1847d778639ba06c194dedaf333f8bb52a6,241ad0946f9157b6f7379d02a95ece78beec8fa26a12fa3b5541287a1db3161e,,False,,8.35,8614,30000,50000,0,0,0,50000,16700,0,50,31,12700,4000,4643,12228740,16700,0,,,38089463,50000,True
bounded-selection,smtlib-qfidl,DTP/DTP_k2_n35_c175_s7,2,df96e6f4e6eeabb800367a1597e5f40f90f7916c,8b1d85bc7f1cbf4578428e4b00b24501294010d966651605658c2254b51b2e8a,,False,,8.625,8873,30000,50000,0,0,0,50000,16700,0,50,31,12700,4000,4643,12228740,16700,0,,,31049147,50000,True
legacy-selection,smtlib-qfidl,DTP/DTP_k2_n35_c175_s7,2,88ddc1847d778639ba06c194dedaf333f8bb52a6,241ad0946f9157b6f7379d02a95ece78beec8fa26a12fa3b5541287a1db3161e,,False,,8.68,8899,30000,50000,0,0,0,50000,16700,0,50,31,12700,4000,4643,12228740,16700,0,,,33061358,50000,True
bounded-selection,smtlib-qfidl,DTP/DTP_k2_n35_c175_s8,0,df96e6f4e6eeabb800367a1597e5f40f90f7916c,8b1d85bc7f1cbf4578428e4b00b24501294010d966651605658c2254b51b2e8a,,False,,6.633,6849,30000,50000,0,0,0,50000,13814,0,50,26,9814,4000,4614,9921820,13814,0,,,28083438,50000,True
legacy-selection,smtlib-qfidl,DTP/DTP_k2_n35_c175_s8,0,88ddc1847d778639ba06c194dedaf333f8bb52a6,241ad0946f9157b6f7379d02a95ece78beec8fa26a12fa3b5541287a1db3161e,,False,,6.808,7022,30000,50000,0,0,0,50000,13814,0,50,26,9814,4000,4614,9921820,13814,0,,,28883444,50000,True
bounded-selection,smtlib-qfidl,DTP/DTP_k2_n35_c175_s8,1,df96e6f4e6eeabb800367a1597e5f40f90f7916c,8b1d85bc7f1cbf4578428e4b00b24501294010d966651605658c2254b51b2e8a,,False,,6.697,6920,30000,50000,0,0,0,50000,13814,0,50,26,9814,4000,4614,9921820,13814,0,,,30375853,50000,True
legacy-selection,smtlib-qfidl,DTP/DTP_k2_n35_c175_s8,1,88ddc1847d778639ba06c194dedaf333f8bb52a6,241ad0946f9157b6f7379d02a95ece78beec8fa26a12fa3b5541287a1db3161e,,False,,6.698,6923,30000,50000,0,0,0,50000,13814,0,50,26,9814,4000,4614,9921820,13814,0,,,28939372,50000,True
bounded-selection,smtlib-qfidl,DTP/DTP_k2_n35_c175_s8,2,df96e6f4e6eeabb800367a1597e5f40f90f7916c,8b1d85bc7f1cbf4578428e4b00b24501294010d966651605658c2254b51b2e8a,,False,,7.608,7828,30000,50000,0,0,0,50000,13814,0,50,26,9814,4000,4614,9921820,13814,0,,,30992232,50000,True
legacy-selection,smtlib-qfidl,DTP/DTP_k2_n35_c175_s8,2,88ddc1847d778639ba06c194dedaf333f8bb52a6,241ad0946f9157b6f7379d02a95ece78beec8fa26a12fa3b5541287a1db3161e,,False,,6.578,6793,30000,50000,0,0,0,50000,13814,0,50,26,9814,4000,4614,9921820,13814,0,,,29981712,50000,True
bounded-selection,smtlib-qfidl,DTP/DTP_k2_n35_c175_s9,0,df96e6f4e6eeabb800367a1597e5f40f90f7916c,8b1d85bc7f1cbf4578428e4b00b24501294010d966651605658c2254b51b2e8a,True,False,,2.111,2408,30000,26853,0,0,1,26854,2176,0,26,0,0,2176,2176,382375,2176,0,,,0,26853,True
legacy-selection,smtlib-qfidl,DTP/DTP_k2_n35_c175_s9,0,88ddc1847d778639ba06c194dedaf333f8bb52a6,241ad0946f9157b6f7379d02a95ece78beec8fa26a12fa3b5541287a1db3161e,True,False,,2.072,2339,30000,26853,0,0,1,26854,2176,0,26,0,0,2176,2176,382375,2176,0,,,0,26853,True
bounded-selection,smtlib-qfidl,DTP/DTP_k2_n35_c175_s9,1,df96e6f4e6eeabb800367a1597e5f40f90f7916c,8b1d85bc7f1cbf4578428e4b00b24501294010d966651605658c2254b51b2e8a,True,False,,2.106,2377,30000,26853,0,0,1,26854,2176,0,26,0,0,2176,2176,382375,2176,0,,,0,26853,True
legacy-selection,smtlib-qfidl,DTP/DTP_k2_n35_c175_s9,1,88ddc1847d778639ba06c194dedaf333f8bb52a6,241ad0946f9157b6f7379d02a95ece78beec8fa26a12fa3b5541287a1db3161e,True,False,,2.015,2286,30000,26853,0,0,1,26854,2176,0,26,0,0,2176,2176,382375,2176,0,,,0,26853,True
bounded-selection,smtlib-qfidl,DTP/DTP_k2_n35_c175_s9,2,df96e6f4e6eeabb800367a1597e5f40f90f7916c,8b1d85bc7f1cbf4578428e4b00b24501294010d966651605658c2254b51b2e8a,True,False,,2.103,2386,30000,26853,0,0,1,26854,2176,0,26,0,0,2176,2176,382375,2176,0,,,0,26853,True
legacy-selection,smtlib-qfidl,DTP/DTP_k2_n35_c175_s9,2,88ddc1847d778639ba06c194dedaf333f8bb52a6,241ad0946f9157b6f7379d02a95ece78beec8fa26a12fa3b5541287a1db3161e,True,False,,1.984,2238,30000,26853,0,0,1,26854,2176,0,26,0,0,2176,2176,382375,2176,0,,,0,26853,True
bounded-selection,smtlib-qfidl,DTP/DTP_k2_n35_c210_s12,0,df96e6f4e6eeabb800367a1597e5f40f90f7916c,8b1d85bc7f1cbf4578428e4b00b24501294010d966651605658c2254b51b2e8a,,False,,10.267,10545,30000,50000,0,0,0,50000,11948,0,50,19,7948,4000,4605,7193245,11948,0,,,26072010,50000,True
legacy-selection,smtlib-qfidl,DTP/DTP_k2_n35_c210_s12,0,88ddc1847d778639ba06c194dedaf333f8bb52a6,241ad0946f9157b6f7379d02a95ece78beec8fa26a12fa3b5541287a1db3161e,,False,,7.568,7832,30000,50000,0,0,0,50000,11948,0,50,19,7948,4000,4605,7193245,11948,0,,,27591463,50000,True
bounded-selection,smtlib-qfidl,DTP/DTP_k2_n35_c210_s12,1,df96e6f4e6eeabb800367a1597e5f40f90f7916c,8b1d85bc7f1cbf4578428e4b00b24501294010d966651605658c2254b51b2e8a,,False,,6.944,7199,30000,50000,0,0,0,50000,11948,0,50,19,7948,4000,4605,7193245,11948,0,,,26873062,50000,True
legacy-selection,smtlib-qfidl,DTP/DTP_k2_n35_c210_s12,1,88ddc1847d778639ba06c194dedaf333f8bb52a6,241ad0946f9157b6f7379d02a95ece78beec8fa26a12fa3b5541287a1db3161e,,False,,7.48,7708,30000,50000,0,0,0,50000,11948,0,50,19,7948,4000,4605,7193245,11948,0,,,28058744,50000,True
bounded-selection,smtlib-qfidl,DTP/DTP_k2_n35_c210_s12,2,df96e6f4e6eeabb800367a1597e5f40f90f7916c,8b1d85bc7f1cbf4578428e4b00b24501294010d966651605658c2254b51b2e8a,,False,,7.684,7912,30000,50000,0,0,0,50000,11948,0,50,19,7948,4000,4605,7193245,11948,0,,,28257999,50000,True
legacy-selection,smtlib-qfidl,DTP/DTP_k2_n35_c210_s12,2,88ddc1847d778639ba06c194dedaf333f8bb52a6,241ad0946f9157b6f7379d02a95ece78beec8fa26a12fa3b5541287a1db3161e,,False,,6.972,7201,30000,50000,0,0,0,50000,11948,0,50,19,7948,4000,4605,7193245,11948,0,,,27437945,50000,True
bounded-selection,smtlib-qfidl,DTP/DTP_k2_n35_c210_s15,0,df96e6f4e6eeabb800367a1597e5f40f90f7916c,8b1d85bc7f1cbf4578428e4b00b24501294010d966651605658c2254b51b2e8a,,False,,6.96,7225,30000,50000,0,0,0,50000,9701,0,50,17,5701,4000,4579,6973188,9701,0,,,23747739,50000,True
legacy-selection,smtlib-qfidl,DTP/DTP_k2_n35_c210_s15,0,88ddc1847d778639ba06c194dedaf333f8bb52a6,241ad0946f9157b6f7379d02a95ece78beec8fa26a12fa3b5541287a1db3161e,,False,,7.079,7341,30000,50000,0,0,0,50000,9701,0,50,17,5701,4000,4579,6973188,9701,0,,,27350639,50000,True
bounded-selection,smtlib-qfidl,DTP/DTP_k2_n35_c210_s15,1,df96e6f4e6eeabb800367a1597e5f40f90f7916c,8b1d85bc7f1cbf4578428e4b00b24501294010d966651605658c2254b51b2e8a,,False,,6.708,6961,30000,50000,0,0,0,50000,9701,0,50,17,5701,4000,4579,6973188,9701,0,,,23736472,50000,True
legacy-selection,smtlib-qfidl,DTP/DTP_k2_n35_c210_s15,1,88ddc1847d778639ba06c194dedaf333f8bb52a6,241ad0946f9157b6f7379d02a95ece78beec8fa26a12fa3b5541287a1db3161e,,False,,6.041,6301,30000,50000,0,0,0,50000,9701,0,50,17,5701,4000,4579,6973188,9701,0,,,29796120,50000,True
bounded-selection,smtlib-qfidl,DTP/DTP_k2_n35_c210_s15,2,df96e6f4e6eeabb800367a1597e5f40f90f7916c,8b1d85bc7f1cbf4578428e4b00b24501294010d966651605658c2254b51b2e8a,,False,,6.843,7113,30000,50000,0,0,0,50000,9701,0,50,17,5701,4000,4579,6973188,9701,0,,,23810012,50000,True
legacy-selection,smtlib-qfidl,DTP/DTP_k2_n35_c210_s15,2,88ddc1847d778639ba06c194dedaf333f8bb52a6,241ad0946f9157b6f7379d02a95ece78beec8fa26a12fa3b5541287a1db3161e,,False,,6.802,7054,30000,50000,0,0,0,50000,9701,0,50,17,5701,4000,4579,6973188,9701,0,,,26823065,50000,True
bounded-selection,smtlib-qfidl,DTP/DTP_k2_n35_c210_s18,0,df96e6f4e6eeabb800367a1597e5f40f90f7916c,8b1d85bc7f1cbf4578428e4b00b24501294010d966651605658c2254b51b2e8a,True,False,,4.053,4280,30000,43733,0,0,1,43734,4953,0,43,7,864,4089,4366,2137864,4953,0,,,15291348,43733,True
legacy-selection,smtlib-qfidl,DTP/DTP_k2_n35_c210_s18,0,88ddc1847d778639ba06c194dedaf333f8bb52a6,241ad0946f9157b6f7379d02a95ece78beec8fa26a12fa3b5541287a1db3161e,True,False,,5.47,5695,30000,43733,0,0,1,43734,4953,0,43,7,864,4089,4366,2137864,4953,0,,,21940924,43733,True
bounded-selection,smtlib-qfidl,DTP/DTP_k2_n35_c210_s18,1,df96e6f4e6eeabb800367a1597e5f40f90f7916c,8b1d85bc7f1cbf4578428e4b00b24501294010d966651605658c2254b51b2e8a,True,False,,4.307,4557,30000,43733,0,0,1,43734,4953,0,43,7,864,4089,4366,2137864,4953,0,,,15887894,43733,True
legacy-selection,smtlib-qfidl,DTP/DTP_k2_n35_c210_s18,1,88ddc1847d778639ba06c194dedaf333f8bb52a6,241ad0946f9157b6f7379d02a95ece78beec8fa26a12fa3b5541287a1db3161e,True,False,,5.231,5511,30000,43733,0,0,1,43734,4953,0,43,7,864,4089,4366,2137864,4953,0,,,23626891,43733,True
bounded-selection,smtlib-qfidl,DTP/DTP_k2_n35_c210_s18,2,df96e6f4e6eeabb800367a1597e5f40f90f7916c,8b1d85bc7f1cbf4578428e4b00b24501294010d966651605658c2254b51b2e8a,True,False,,3.9,4144,30000,43733,0,0,1,43734,4953,0,43,7,864,4089,4366,2137864,4953,0,,,14432863,43733,True
legacy-selection,smtlib-qfidl,DTP/DTP_k2_n35_c210_s18,2,88ddc1847d778639ba06c194dedaf333f8bb52a6,241ad0946f9157b6f7379d02a95ece78beec8fa26a12fa3b5541287a1db3161e,True,False,,4.293,4553,30000,43733,0,0,1,43734,4953,0,43,7,864,4089,4366,2137864,4953,0,,,18087652,43733,True
bounded-selection,smtlib-qfidl,DTP/DTP_k2_n35_c210_s2,0,df96e6f4e6eeabb800367a1597e5f40f90f7916c,8b1d85bc7f1cbf4578428e4b00b24501294010d966651605658c2254b51b2e8a,,False,,6.266,6486,30000,50000,0,0,0,50000,11341,0,50,16,7341,4000,4742,6802260,11341,0,,,24138479,50000,True
legacy-selection,smtlib-qfidl,DTP/DTP_k2_n35_c210_s2,0,88ddc1847d778639ba06c194dedaf333f8bb52a6,241ad0946f9157b6f7379d02a95ece78beec8fa26a12fa3b5541287a1db3161e,,False,,8.933,9160,30000,50000,0,0,0,50000,11341,0,50,16,7341,4000,4742,6802260,11341,0,,,24457613,50000,True
bounded-selection,smtlib-qfidl,DTP/DTP_k2_n35_c210_s2,1,df96e6f4e6eeabb800367a1597e5f40f90f7916c,8b1d85bc7f1cbf4578428e4b00b24501294010d966651605658c2254b51b2e8a,,False,,6.971,7181,30000,50000,0,0,0,50000,11341,0,50,16,7341,4000,4742,6802260,11341,0,,,22022588,50000,True
legacy-selection,smtlib-qfidl,DTP/DTP_k2_n35_c210_s2,1,88ddc1847d778639ba06c194dedaf333f8bb52a6,241ad0946f9157b6f7379d02a95ece78beec8fa26a12fa3b5541287a1db3161e,,False,,6.618,6834,30000,50000,0,0,0,50000,11341,0,50,16,7341,4000,4742,6802260,11341,0,,,29510684,50000,True
bounded-selection,smtlib-qfidl,DTP/DTP_k2_n35_c210_s2,2,df96e6f4e6eeabb800367a1597e5f40f90f7916c,8b1d85bc7f1cbf4578428e4b00b24501294010d966651605658c2254b51b2e8a,,False,,7.156,7375,30000,50000,0,0,0,50000,11341,0,50,16,7341,4000,4742,6802260,11341,0,,,22479355,50000,True
legacy-selection,smtlib-qfidl,DTP/DTP_k2_n35_c210_s2,2,88ddc1847d778639ba06c194dedaf333f8bb52a6,241ad0946f9157b6f7379d02a95ece78beec8fa26a12fa3b5541287a1db3161e,,False,,6.36,6589,30000,50000,0,0,0,50000,11341,0,50,16,7341,4000,4742,6802260,11341,0,,,27252920,50000,True
bounded-selection,smtlib-qfidl,DTP/DTP_k2_n35_c210_s5,0,df96e6f4e6eeabb800367a1597e5f40f90f7916c,8b1d85bc7f1cbf4578428e4b00b24501294010d966651605658c2254b51b2e8a,,False,,7.777,8042,30000,50000,0,0,0,50000,9191,0,50,13,5191,4000,4584,5570651,9191,0,,,19963734,50000,True
legacy-selection,smtlib-qfidl,DTP/DTP_k2_n35_c210_s5,0,88ddc1847d778639ba06c194dedaf333f8bb52a6,241ad0946f9157b6f7379d02a95ece78beec8fa26a12fa3b5541287a1db3161e,,False,,6.019,6295,30000,50000,0,0,0,50000,9191,0,50,13,5191,4000,4584,5570651,9191,0,,,23747157,50000,True
bounded-selection,smtlib-qfidl,DTP/DTP_k2_n35_c210_s5,1,df96e6f4e6eeabb800367a1597e5f40f90f7916c,8b1d85bc7f1cbf4578428e4b00b24501294010d966651605658c2254b51b2e8a,,False,,5.667,5892,30000,50000,0,0,0,50000,9191,0,50,13,5191,4000,4584,5570651,9191,0,,,21429543,50000,True
legacy-selection,smtlib-qfidl,DTP/DTP_k2_n35_c210_s5,1,88ddc1847d778639ba06c194dedaf333f8bb52a6,241ad0946f9157b6f7379d02a95ece78beec8fa26a12fa3b5541287a1db3161e,,False,,6.238,6456,30000,50000,0,0,0,50000,9191,0,50,13,5191,4000,4584,5570651,9191,0,,,27409756,50000,True
bounded-selection,smtlib-qfidl,DTP/DTP_k2_n35_c210_s5,2,df96e6f4e6eeabb800367a1597e5f40f90f7916c,8b1d85bc7f1cbf4578428e4b00b24501294010d966651605658c2254b51b2e8a,,False,,6.199,6424,30000,50000,0,0,0,50000,9191,0,50,13,5191,4000,4584,5570651,9191,0,,,21240964,50000,True
legacy-selection,smtlib-qfidl,DTP/DTP_k2_n35_c210_s5,2,88ddc1847d778639ba06c194dedaf333f8bb52a6,241ad0946f9157b6f7379d02a95ece78beec8fa26a12fa3b5541287a1db3161e,,False,,8.125,8361,30000,50000,0,0,0,50000,9191,0,50,13,5191,4000,4584,5570651,9191,0,,,23914234,50000,True
bounded-selection,smtlib-qfidl,DTP/DTP_k2_n35_c210_s9,0,df96e6f4e6eeabb800367a1597e5f40f90f7916c,8b1d85bc7f1cbf4578428e4b00b24501294010d966651605658c2254b51b2e8a,,False,,6.051,6286,30000,50000,0,0,0,50000,8254,0,50,16,4254,4000,4756,5145897,8254,0,,,23540044,50000,True
legacy-selection,smtlib-qfidl,DTP/DTP_k2_n35_c210_s9,0,88ddc1847d778639ba06c194dedaf333f8bb52a6,241ad0946f9157b6f7379d02a95ece78beec8fa26a12fa3b5541287a1db3161e,,False,,5.841,6071,30000,50000,0,0,0,50000,8254,0,50,16,4254,4000,4756,5145897,8254,0,,,26994995,50000,True
bounded-selection,smtlib-qfidl,DTP/DTP_k2_n35_c210_s9,1,df96e6f4e6eeabb800367a1597e5f40f90f7916c,8b1d85bc7f1cbf4578428e4b00b24501294010d966651605658c2254b51b2e8a,,False,,6.848,7119,30000,50000,0,0,0,50000,8254,0,50,16,4254,4000,4756,5145897,8254,0,,,24190080,50000,True
legacy-selection,smtlib-qfidl,DTP/DTP_k2_n35_c210_s9,1,88ddc1847d778639ba06c194dedaf333f8bb52a6,241ad0946f9157b6f7379d02a95ece78beec8fa26a12fa3b5541287a1db3161e,,False,,5.864,6105,30000,50000,0,0,0,50000,8254,0,50,16,4254,4000,4756,5145897,8254,0,,,26060868,50000,True
bounded-selection,smtlib-qfidl,DTP/DTP_k2_n35_c210_s9,2,df96e6f4e6eeabb800367a1597e5f40f90f7916c,8b1d85bc7f1cbf4578428e4b00b24501294010d966651605658c2254b51b2e8a,,False,,5.979,6238,30000,50000,0,0,0,50000,8254,0,50,16,4254,4000,4756,5145897,8254,0,,,23916006,50000,True
legacy-selection,smtlib-qfidl,DTP/DTP_k2_n35_c210_s9,2,88ddc1847d778639ba06c194dedaf333f8bb52a6,241ad0946f9157b6f7379d02a95ece78beec8fa26a12fa3b5541287a1db3161e,,False,,7.513,7744,30000,50000,0,0,0,50000,8254,0,50,16,4254,4000,4756,5145897,8254,0,,,29415500,50000,True
bounded-selection,smtlib-qfidl,DTP/DTP_k2_n35_c245_s12,0,df96e6f4e6eeabb800367a1597e5f40f90f7916c,8b1d85bc7f1cbf4578428e4b00b24501294010d966651605658c2254b51b2e8a,,False,,5.278,5505,30000,50000,0,0,0,50000,6332,0,50,7,2332,4000,4577,3494292,6332,0,,,13466076,50000,True
legacy-selection,smtlib-qfidl,DTP/DTP_k2_n35_c245_s12,0,88ddc1847d778639ba06c194dedaf333f8bb52a6,241ad0946f9157b6f7379d02a95ece78beec8fa26a12fa3b5541287a1db3161e,,False,,7.913,8166,30000,50000,0,0,0,50000,6332,0,50,7,2332,4000,4577,3494292,6332,0,,,20069007,50000,True
bounded-selection,smtlib-qfidl,DTP/DTP_k2_n35_c245_s12,1,df96e6f4e6eeabb800367a1597e5f40f90f7916c,8b1d85bc7f1cbf4578428e4b00b24501294010d966651605658c2254b51b2e8a,,False,,5.529,5818,30000,50000,0,0,0,50000,6332,0,50,7,2332,4000,4577,3494292,6332,0,,,14882607,50000,True
legacy-selection,smtlib-qfidl,DTP/DTP_k2_n35_c245_s12,1,88ddc1847d778639ba06c194dedaf333f8bb52a6,241ad0946f9157b6f7379d02a95ece78beec8fa26a12fa3b5541287a1db3161e,,False,,5.375,5595,30000,50000,0,0,0,50000,6332,0,50,7,2332,4000,4577,3494292,6332,0,,,22947541,50000,True
bounded-selection,smtlib-qfidl,DTP/DTP_k2_n35_c245_s12,2,df96e6f4e6eeabb800367a1597e5f40f90f7916c,8b1d85bc7f1cbf4578428e4b00b24501294010d966651605658c2254b51b2e8a,,False,,5.709,5957,30000,50000,0,0,0,50000,6332,0,50,7,2332,4000,4577,3494292,6332,0,,,16628728,50000,True
legacy-selection,smtlib-qfidl,DTP/DTP_k2_n35_c245_s12,2,88ddc1847d778639ba06c194dedaf333f8bb52a6,241ad0946f9157b6f7379d02a95ece78beec8fa26a12fa3b5541287a1db3161e,,False,,5.615,5842,30000,50000,0,0,0,50000,6332,0,50,7,2332,4000,4577,3494292,6332,0,,,20300422,50000,True
bounded-selection,smtlib-qfidl,DTP/DTP_k2_n35_c245_s15,0,df96e6f4e6eeabb800367a1597e5f40f90f7916c,8b1d85bc7f1cbf4578428e4b00b24501294010d966651605658c2254b51b2e8a,,False,,8.741,8969,30000,50000,0,0,0,50000,9360,0,50,18,5360,4000,4522,5685778,9360,0,,,24494645,50000,True
legacy-selection,smtlib-qfidl,DTP/DTP_k2_n35_c245_s15,0,88ddc1847d778639ba06c194dedaf333f8bb52a6,241ad0946f9157b6f7379d02a95ece78beec8fa26a12fa3b5541287a1db3161e,,False,,6.464,6680,30000,50000,0,0,0,50000,9360,0,50,18,5360,4000,4522,5685778,9360,0,,,25740888,50000,True
bounded-selection,smtlib-qfidl,DTP/DTP_k2_n35_c245_s15,1,df96e6f4e6eeabb800367a1597e5f40f90f7916c,8b1d85bc7f1cbf4578428e4b00b24501294010d966651605658c2254b51b2e8a,,False,,7.073,7293,30000,50000,0,0,0,50000,9360,0,50,18,5360,4000,4522,5685778,9360,0,,,23316294,50000,True
legacy-selection,smtlib-qfidl,DTP/DTP_k2_n35_c245_s15,1,88ddc1847d778639ba06c194dedaf333f8bb52a6,241ad0946f9157b6f7379d02a95ece78beec8fa26a12fa3b5541287a1db3161e,,False,,6.772,7016,30000,50000,0,0,0,50000,9360,0,50,18,5360,4000,4522,5685778,9360,0,,,27177028,50000,True
bounded-selection,smtlib-qfidl,DTP/DTP_k2_n35_c245_s15,2,df96e6f4e6eeabb800367a1597e5f40f90f7916c,8b1d85bc7f1cbf4578428e4b00b24501294010d966651605658c2254b51b2e8a,,False,,6.702,6925,30000,50000,0,0,0,50000,9360,0,50,18,5360,4000,4522,5685778,9360,0,,,23558795,50000,True
legacy-selection,smtlib-qfidl,DTP/DTP_k2_n35_c245_s15,2,88ddc1847d778639ba06c194dedaf333f8bb52a6,241ad0946f9157b6f7379d02a95ece78beec8fa26a12fa3b5541287a1db3161e,,False,,6.243,6499,30000,50000,0,0,0,50000,9360,0,50,18,5360,4000,4522,5685778,9360,0,,,27535668,50000,True
bounded-selection,smtlib-qfidl,DTP/DTP_k2_n35_c245_s18,0,df96e6f4e6eeabb800367a1597e5f40f90f7916c,8b1d85bc7f1cbf4578428e4b00b24501294010d966651605658c2254b51b2e8a,,False,,6.908,7163,30000,50000,0,0,0,50000,10732,0,50,25,6732,4000,4575,7171837,10732,0,,,27287222,50000,True
legacy-selection,smtlib-qfidl,DTP/DTP_k2_n35_c245_s18,0,88ddc1847d778639ba06c194dedaf333f8bb52a6,241ad0946f9157b6f7379d02a95ece78beec8fa26a12fa3b5541287a1db3161e,,False,,7.831,8094,30000,50000,0,0,0,50000,10732,0,50,25,6732,4000,4575,7171837,10732,0,,,34089737,50000,True
bounded-selection,smtlib-qfidl,DTP/DTP_k2_n35_c245_s18,1,df96e6f4e6eeabb800367a1597e5f40f90f7916c,8b1d85bc7f1cbf4578428e4b00b24501294010d966651605658c2254b51b2e8a,,False,,7.594,7825,30000,50000,0,0,0,50000,10732,0,50,25,6732,4000,4575,7171837,10732,0,,,27492971,50000,True
legacy-selection,smtlib-qfidl,DTP/DTP_k2_n35_c245_s18,1,88ddc1847d778639ba06c194dedaf333f8bb52a6,241ad0946f9157b6f7379d02a95ece78beec8fa26a12fa3b5541287a1db3161e,,False,,9.765,9995,30000,50000,0,0,0,50000,10732,0,50,25,6732,4000,4575,7171837,10732,0,,,30061718,50000,True
bounded-selection,smtlib-qfidl,DTP/DTP_k2_n35_c245_s18,2,df96e6f4e6eeabb800367a1597e5f40f90f7916c,8b1d85bc7f1cbf4578428e4b00b24501294010d966651605658c2254b51b2e8a,,False,,7.538,7801,30000,50000,0,0,0,50000,10732,0,50,25,6732,4000,4575,7171837,10732,0,,,27261546,50000,True
legacy-selection,smtlib-qfidl,DTP/DTP_k2_n35_c245_s18,2,88ddc1847d778639ba06c194dedaf333f8bb52a6,241ad0946f9157b6f7379d02a95ece78beec8fa26a12fa3b5541287a1db3161e,,False,,7.524,7841,30000,50000,0,0,0,50000,10732,0,50,25,6732,4000,4575,7171837,10732,0,,,30221671,50000,True
bounded-selection,smtlib-qfidl,DTP/DTP_k2_n35_c245_s2,0,df96e6f4e6eeabb800367a1597e5f40f90f7916c,8b1d85bc7f1cbf4578428e4b00b24501294010d966651605658c2254b51b2e8a,,False,,5.239,5511,30000,50000,0,0,0,50000,2816,0,50,0,0,2816,2816,533426,2816,0,,,0,50000,True
legacy-selection,smtlib-qfidl,DTP/DTP_k2_n35_c245_s2,0,88ddc1847d778639ba06c194dedaf333f8bb52a6,241ad0946f9157b6f7379d02a95ece78beec8fa26a12fa3b5541287a1db3161e,,False,,3.296,3533,30000,50000,0,0,0,50000,2816,0,50,0,0,2816,2816,533426,2816,0,,,0,50000,True
bounded-selection,smtlib-qfidl,DTP/DTP_k2_n35_c245_s2,1,df96e6f4e6eeabb800367a1597e5f40f90f7916c,8b1d85bc7f1cbf4578428e4b00b24501294010d966651605658c2254b51b2e8a,,False,,3.395,3618,30000,50000,0,0,0,50000,2816,0,50,0,0,2816,2816,533426,2816,0,,,0,50000,True
legacy-selection,smtlib-qfidl,DTP/DTP_k2_n35_c245_s2,1,88ddc1847d778639ba06c194dedaf333f8bb52a6,241ad0946f9157b6f7379d02a95ece78beec8fa26a12fa3b5541287a1db3161e,,False,,3.561,3802,30000,50000,0,0,0,50000,2816,0,50,0,0,2816,2816,533426,2816,0,,,0,50000,True
bounded-selection,smtlib-qfidl,DTP/DTP_k2_n35_c245_s2,2,df96e6f4e6eeabb800367a1597e5f40f90f7916c,8b1d85bc7f1cbf4578428e4b00b24501294010d966651605658c2254b51b2e8a,,False,,4.808,5049,30000,50000,0,0,0,50000,2816,0,50,0,0,2816,2816,533426,2816,0,,,0,50000,True
legacy-selection,smtlib-qfidl,DTP/DTP_k2_n35_c245_s2,2,88ddc1847d778639ba06c194dedaf333f8bb52a6,241ad0946f9157b6f7379d02a95ece78beec8fa26a12fa3b5541287a1db3161e,,False,,4.661,4932,30000,50000,0,0,0,50000,2816,0,50,0,0,2816,2816,533426,2816,0,,,0,50000,True
bounded-selection,smtlib-qfidl,DTP/DTP_k2_n35_c245_s5,0,df96e6f4e6eeabb800367a1597e5f40f90f7916c,8b1d85bc7f1cbf4578428e4b00b24501294010d966651605658c2254b51b2e8a,,False,,5.824,6079,30000,50000,0,0,0,50000,6118,0,50,8,2118,4000,4500,2974499,6118,0,,,16375274,50000,True
legacy-selection,smtlib-qfidl,DTP/DTP_k2_n35_c245_s5,0,88ddc1847d778639ba06c194dedaf333f8bb52a6,241ad0946f9157b6f7379d02a95ece78beec8fa26a12fa3b5541287a1db3161e,,False,,5.918,6171,30000,50000,0,0,0,50000,6118,0,50,8,2118,4000,4500,2974499,6118,0,,,25664250,50000,True
bounded-selection,smtlib-qfidl,DTP/DTP_k2_n35_c245_s5,1,df96e6f4e6eeabb800367a1597e5f40f90f7916c,8b1d85bc7f1cbf4578428e4b00b24501294010d966651605658c2254b51b2e8a,,False,,8.342,8572,30000,50000,0,0,0,50000,6118,0,50,8,2118,4000,4500,2974499,6118,0,,,17037690,50000,True
legacy-selection,smtlib-qfidl,DTP/DTP_k2_n35_c245_s5,1,88ddc1847d778639ba06c194dedaf333f8bb52a6,241ad0946f9157b6f7379d02a95ece78beec8fa26a12fa3b5541287a1db3161e,,False,,5.834,6081,30000,50000,0,0,0,50000,6118,0,50,8,2118,4000,4500,2974499,6118,0,,,20942644,50000,True
bounded-selection,smtlib-qfidl,DTP/DTP_k2_n35_c245_s5,2,df96e6f4e6eeabb800367a1597e5f40f90f7916c,8b1d85bc7f1cbf4578428e4b00b24501294010d966651605658c2254b51b2e8a,,False,,5.373,5619,30000,50000,0,0,0,50000,6118,0,50,8,2118,4000,4500,2974499,6118,0,,,15780091,50000,True
legacy-selection,smtlib-qfidl,DTP/DTP_k2_n35_c245_s5,2,88ddc1847d778639ba06c194dedaf333f8bb52a6,241ad0946f9157b6f7379d02a95ece78beec8fa26a12fa3b5541287a1db3161e,,False,,5.664,5905,30000,50000,0,0,0,50000,6118,0,50,8,2118,4000,4500,2974499,6118,0,,,21993808,50000,True
bounded-selection,smtlib-qfidl,DTP/DTP_k2_n35_c245_s9,0,df96e6f4e6eeabb800367a1597e5f40f90f7916c,8b1d85bc7f1cbf4578428e4b00b24501294010d966651605658c2254b51b2e8a,,False,,6.524,6749,30000,50000,0,0,0,50000,8183,0,50,10,4183,4000,4535,4379701,8183,0,,,17001245,50000,True
legacy-selection,smtlib-qfidl,DTP/DTP_k2_n35_c245_s9,0,88ddc1847d778639ba06c194dedaf333f8bb52a6,241ad0946f9157b6f7379d02a95ece78beec8fa26a12fa3b5541287a1db3161e,,False,,6.596,6819,30000,50000,0,0,0,50000,8183,0,50,10,4183,4000,4535,4379701,8183,0,,,23172269,50000,True
bounded-selection,smtlib-qfidl,DTP/DTP_k2_n35_c245_s9,1,df96e6f4e6eeabb800367a1597e5f40f90f7916c,8b1d85bc7f1cbf4578428e4b00b24501294010d966651605658c2254b51b2e8a,,False,,6.086,6343,30000,50000,0,0,0,50000,8183,0,50,10,4183,4000,4535,4379701,8183,0,,,17485698,50000,True
legacy-selection,smtlib-qfidl,DTP/DTP_k2_n35_c245_s9,1,88ddc1847d778639ba06c194dedaf333f8bb52a6,241ad0946f9157b6f7379d02a95ece78beec8fa26a12fa3b5541287a1db3161e,,False,,6.754,6982,30000,50000,0,0,0,50000,8183,0,50,10,4183,4000,4535,4379701,8183,0,,,22481533,50000,True
bounded-selection,smtlib-qfidl,DTP/DTP_k2_n35_c245_s9,2,df96e6f4e6eeabb800367a1597e5f40f90f7916c,8b1d85bc7f1cbf4578428e4b00b24501294010d966651605658c2254b51b2e8a,,False,,6.813,7040,30000,50000,0,0,0,50000,8183,0,50,10,4183,4000,4535,4379701,8183,0,,,17725105,50000,True
legacy-selection,smtlib-qfidl,DTP/DTP_k2_n35_c245_s9,2,88ddc1847d778639ba06c194dedaf333f8bb52a6,241ad0946f9157b6f7379d02a95ece78beec8fa26a12fa3b5541287a1db3161e,,False,,6.354,6599,30000,50000,0,0,0,50000,8183,0,50,10,4183,4000,4535,4379701,8183,0,,,21034854,50000,True
