index,input,family,arm,seed,outcome,objective,firstMs,bestMs,elapsedMs,proven,workers,work,reseeds,initMs,sourceHashes,buildFingerprint
0,mzn-bench/2017/city-position/city-5-05,2017/city-position,main-cp-p1,3,feasible,149925,294,346,15207,False,6,236110,0,32,{},c5f3896bdc0ec8fd17986a96333426c23c7369322641a064d6e0e9fb8f35e566
1,mzn-bench/2017/city-position/city-5-05,2017/city-position,seam-cp-p1,3,feasible,149925,383,453,15192,False,6,207317,4,37,{},3e5d9c523c45a7618f9d864d10dbfa91ae5c917ac0c0a083e211cd197e12c68c
2,mzn-bench/2017/city-position/city-5-05,2017/city-position,main-mixed-p1,3,feasible,33156,289,4163,15176,False,7,894359,0,30,{},c5f3896bdc0ec8fd17986a96333426c23c7369322641a064d6e0e9fb8f35e566
3,mzn-bench/2017/city-position/city-5-05,2017/city-position,seam-mixed-p1,3,feasible,33156,280,4073,15208,False,7,224705,8,31,{},3e5d9c523c45a7618f9d864d10dbfa91ae5c917ac0c0a083e211cd197e12c68c
4,mzn-bench/2017/city-position/city-5-05,2017/city-position,mixed-p1-r0,3,feasible,33156,285,4133,15208,False,7,492114,0,25,{},3e5d9c523c45a7618f9d864d10dbfa91ae5c917ac0c0a083e211cd197e12c68c
5,mzn-bench/2017/city-position/city-5-05,2017/city-position,mixed-p1-r2,3,feasible,33156,353,4106,15196,False,7,1452892,8,40,{},3e5d9c523c45a7618f9d864d10dbfa91ae5c917ac0c0a083e211cd197e12c68c
6,mzn-bench/2017/city-position/city-5-05,2017/city-position,mixed-p1-r4,3,feasible,33156,276,4121,15195,False,7,518605,6,52,{},3e5d9c523c45a7618f9d864d10dbfa91ae5c917ac0c0a083e211cd197e12c68c
7,mzn-bench/2017/city-position/city-5-05,2017/city-position,cp-p1-a12,3,feasible,149925,281,336,15204,False,12,180120,3,61,{},3e5d9c523c45a7618f9d864d10dbfa91ae5c917ac0c0a083e211cd197e12c68c
8,mzn-bench/2017/city-position/city-5-05,2017/city-position,mixed-p1-a12,3,feasible,33156,254,2942,15195,False,13,691848,6,31,{},3e5d9c523c45a7618f9d864d10dbfa91ae5c917ac0c0a083e211cd197e12c68c
9,mzn-bench/2017/city-position/city-5-05,2017/city-position,main-cp-p4,3,feasible,24058,423,6625,15200,False,8,622271,0,195,{},e1c4f94cba1305205e0e7771d2880959c2e85d14b3ee2909e4531d6c65108b72
10,mzn-bench/2017/city-position/city-5-05,2017/city-position,seam-cp-p4,3,feasible,46998,650,12522,15266,False,8,854866,12,234,{},4714dd6920b6c864987314151bd85b7b2982cd5df5b8105fe0d557f785cc449f
11,mzn-bench/2017/city-position/city-5-05,2017/city-position,main-mixed-p4,3,feasible,18411,147,9277,15205,False,9,3102990,0,195,{},e1c4f94cba1305205e0e7771d2880959c2e85d14b3ee2909e4531d6c65108b72
12,mzn-bench/2017/city-position/city-5-05,2017/city-position,seam-mixed-p4,3,feasible,19370,171,2295,15188,False,9,3808626,20,133,{},4714dd6920b6c864987314151bd85b7b2982cd5df5b8105fe0d557f785cc449f
13,mzn-bench/2017/city-position/city-5-05,2017/city-position,mixed-p4-r0,3,feasible,27352,195,9094,15192,False,9,3063849,0,81,{},4714dd6920b6c864987314151bd85b7b2982cd5df5b8105fe0d557f785cc449f
14,mzn-bench/2017/city-position/city-5-05,2017/city-position,mixed-p4-r2,3,feasible,21891,188,9948,15229,False,9,3583402,29,161,{},4714dd6920b6c864987314151bd85b7b2982cd5df5b8105fe0d557f785cc449f
15,mzn-bench/2017/city-position/city-5-05,2017/city-position,mixed-p4-r4,3,feasible,20733,186,5033,15200,False,9,2958723,14,126,{},4714dd6920b6c864987314151bd85b7b2982cd5df5b8105fe0d557f785cc449f
16,mzn-bench/2017/city-position/city-5-05,2017/city-position,cp-p4-a4,3,feasible,57565,200,1639,15212,False,4,1627379,0,112,{},4714dd6920b6c864987314151bd85b7b2982cd5df5b8105fe0d557f785cc449f
17,mzn-bench/2017/city-position/city-5-05,2017/city-position,cp-p4-a12,3,feasible,48496,621,12484,15278,False,12,601229,12,182,{},4714dd6920b6c864987314151bd85b7b2982cd5df5b8105fe0d557f785cc449f
18,mzn-bench/2017/city-position/city-5-05,2017/city-position,mixed-p4-a4,3,feasible,24302,172,12535,15176,False,4,129205,0,32,{},4714dd6920b6c864987314151bd85b7b2982cd5df5b8105fe0d557f785cc449f
19,mzn-bench/2017/city-position/city-5-05,2017/city-position,mixed-p4-a12,3,feasible,20578,187,10245,15289,False,13,2873518,23,201,{},4714dd6920b6c864987314151bd85b7b2982cd5df5b8105fe0d557f785cc449f
20,mzn-bench/2017/city-position/city-5-05,2017/city-position,main-cp-p1,7,feasible,188060,333,10707,15207,False,6,213778,0,36,{},c5f3896bdc0ec8fd17986a96333426c23c7369322641a064d6e0e9fb8f35e566
21,mzn-bench/2017/city-position/city-5-05,2017/city-position,seam-cp-p1,7,feasible,188060,261,10657,15177,False,6,216575,1,28,{},3e5d9c523c45a7618f9d864d10dbfa91ae5c917ac0c0a083e211cd197e12c68c
22,mzn-bench/2017/city-position/city-5-05,2017/city-position,main-mixed-p1,7,feasible,33796,256,10087,15196,False,7,775595,0,25,{},c5f3896bdc0ec8fd17986a96333426c23c7369322641a064d6e0e9fb8f35e566
23,mzn-bench/2017/city-position/city-5-05,2017/city-position,seam-mixed-p1,7,feasible,34803,264,4387,15209,False,7,804769,6,32,{},3e5d9c523c45a7618f9d864d10dbfa91ae5c917ac0c0a083e211cd197e12c68c
24,mzn-bench/2017/city-position/city-5-05,2017/city-position,mixed-p1-r0,7,feasible,34803,271,4415,15203,False,7,804629,0,25,{},3e5d9c523c45a7618f9d864d10dbfa91ae5c917ac0c0a083e211cd197e12c68c
25,mzn-bench/2017/city-position/city-5-05,2017/city-position,mixed-p1-r2,7,feasible,33796,294,10201,15206,False,7,775954,13,28,{},3e5d9c523c45a7618f9d864d10dbfa91ae5c917ac0c0a083e211cd197e12c68c
26,mzn-bench/2017/city-position/city-5-05,2017/city-position,mixed-p1-r4,7,feasible,34803,261,4306,15198,False,7,955101,5,29,{},3e5d9c523c45a7618f9d864d10dbfa91ae5c917ac0c0a083e211cd197e12c68c
27,mzn-bench/2017/city-position/city-5-05,2017/city-position,cp-p1-a12,7,feasible,306215,271,1190,15184,False,12,196490,4,45,{},3e5d9c523c45a7618f9d864d10dbfa91ae5c917ac0c0a083e211cd197e12c68c
28,mzn-bench/2017/city-position/city-5-05,2017/city-position,mixed-p1-a12,7,feasible,47894,218,2860,15184,False,13,610234,7,49,{},3e5d9c523c45a7618f9d864d10dbfa91ae5c917ac0c0a083e211cd197e12c68c
29,mzn-bench/2017/city-position/city-5-05,2017/city-position,main-cp-p4,7,feasible,245395,491,12775,15307,False,8,565001,0,219,{},e1c4f94cba1305205e0e7771d2880959c2e85d14b3ee2909e4531d6c65108b72
30,mzn-bench/2017/city-position/city-5-05,2017/city-position,seam-cp-p4,7,feasible,66655,474,11944,15335,False,8,724070,9,193,{},4714dd6920b6c864987314151bd85b7b2982cd5df5b8105fe0d557f785cc449f
31,mzn-bench/2017/city-position/city-5-05,2017/city-position,main-mixed-p4,7,feasible,45062,138,11536,15209,False,9,3701034,0,152,{},e1c4f94cba1305205e0e7771d2880959c2e85d14b3ee2909e4531d6c65108b72
32,mzn-bench/2017/city-position/city-5-05,2017/city-position,seam-mixed-p4,7,feasible,15649,119,9053,15203,False,9,3158390,18,163,{},4714dd6920b6c864987314151bd85b7b2982cd5df5b8105fe0d557f785cc449f
33,mzn-bench/2017/city-position/city-5-05,2017/city-position,mixed-p4-r0,7,feasible,74870,115,12499,15247,False,9,4210972,0,90,{},4714dd6920b6c864987314151bd85b7b2982cd5df5b8105fe0d557f785cc449f
34,mzn-bench/2017/city-position/city-5-05,2017/city-position,mixed-p4-r2,7,feasible,45062,101,12332,15186,False,9,2847933,31,248,{},4714dd6920b6c864987314151bd85b7b2982cd5df5b8105fe0d557f785cc449f
35,mzn-bench/2017/city-position/city-5-05,2017/city-position,mixed-p4-r4,7,feasible,19218,135,8410,15198,False,9,2941300,13,142,{},4714dd6920b6c864987314151bd85b7b2982cd5df5b8105fe0d557f785cc449f
36,mzn-bench/2017/city-position/city-5-05,2017/city-position,cp-p4-a4,7,feasible,267414,187,12317,15211,False,4,1468141,0,110,{},4714dd6920b6c864987314151bd85b7b2982cd5df5b8105fe0d557f785cc449f
37,mzn-bench/2017/city-position/city-5-05,2017/city-position,cp-p4-a12,7,feasible,210773,555,11508,15274,False,12,556003,11,211,{},4714dd6920b6c864987314151bd85b7b2982cd5df5b8105fe0d557f785cc449f
38,mzn-bench/2017/city-position/city-5-05,2017/city-position,mixed-p4-a4,7,feasible,41801,133,12814,15188,False,4,163465,0,34,{},4714dd6920b6c864987314151bd85b7b2982cd5df5b8105fe0d557f785cc449f
39,mzn-bench/2017/city-position/city-5-05,2017/city-position,mixed-p4-a12,7,feasible,25123,192,8348,15206,False,13,2287527,24,193,{},4714dd6920b6c864987314151bd85b7b2982cd5df5b8105fe0d557f785cc449f
40,mzn-bench/2011/fast-food/ff10,2011/fast-food,seam-cp-p1,3,feasible,1123,145,13215,15188,False,6,314035,2,50,{},3e5d9c523c45a7618f9d864d10dbfa91ae5c917ac0c0a083e211cd197e12c68c
41,mzn-bench/2011/fast-food/ff10,2011/fast-food,main-mixed-p1,3,feasible,780,188,12652,15178,False,7,898289,0,70,{},c5f3896bdc0ec8fd17986a96333426c23c7369322641a064d6e0e9fb8f35e566
42,mzn-bench/2011/fast-food/ff10,2011/fast-food,seam-mixed-p1,3,feasible,733,148,12627,15215,False,7,1496918,5,41,{},3e5d9c523c45a7618f9d864d10dbfa91ae5c917ac0c0a083e211cd197e12c68c
43,mzn-bench/2011/fast-food/ff10,2011/fast-food,mixed-p1-r0,3,feasible,722,187,12499,15191,False,7,1472975,0,50,{},3e5d9c523c45a7618f9d864d10dbfa91ae5c917ac0c0a083e211cd197e12c68c
44,mzn-bench/2011/fast-food/ff10,2011/fast-food,mixed-p1-r2,3,feasible,780,190,9890,15189,False,7,603198,9,57,{},3e5d9c523c45a7618f9d864d10dbfa91ae5c917ac0c0a083e211cd197e12c68c
45,mzn-bench/2011/fast-food/ff10,2011/fast-food,mixed-p1-r4,3,feasible,925,149,11645,15196,False,7,1056270,3,40,{},3e5d9c523c45a7618f9d864d10dbfa91ae5c917ac0c0a083e211cd197e12c68c
46,mzn-bench/2011/fast-food/ff10,2011/fast-food,cp-p1-a12,3,feasible,734,150,8373,15199,False,12,197666,2,57,{},3e5d9c523c45a7618f9d864d10dbfa91ae5c917ac0c0a083e211cd197e12c68c
47,mzn-bench/2011/fast-food/ff10,2011/fast-food,mixed-p1-a12,3,feasible,893,150,14156,15207,False,13,672294,6,46,{},3e5d9c523c45a7618f9d864d10dbfa91ae5c917ac0c0a083e211cd197e12c68c
48,mzn-bench/2011/fast-food/ff10,2011/fast-food,main-cp-p4,3,feasible,737,224,9628,15196,False,8,895341,0,265,{},e1c4f94cba1305205e0e7771d2880959c2e85d14b3ee2909e4531d6c65108b72
49,mzn-bench/2011/fast-food/ff10,2011/fast-food,seam-cp-p4,3,feasible,704,188,6893,15221,False,8,1102227,12,268,{},4714dd6920b6c864987314151bd85b7b2982cd5df5b8105fe0d557f785cc449f
50,mzn-bench/2011/fast-food/ff10,2011/fast-food,main-mixed-p4,3,feasible,722,235,12553,15324,False,9,3021021,0,212,{},e1c4f94cba1305205e0e7771d2880959c2e85d14b3ee2909e4531d6c65108b72
51,mzn-bench/2011/fast-food/ff10,2011/fast-food,seam-mixed-p4,3,feasible,722,237,12079,15208,False,9,3774473,19,180,{},4714dd6920b6c864987314151bd85b7b2982cd5df5b8105fe0d557f785cc449f
52,mzn-bench/2011/fast-food/ff10,2011/fast-food,mixed-p4-r0,3,feasible,784,255,13878,15236,False,9,3932559,0,200,{},4714dd6920b6c864987314151bd85b7b2982cd5df5b8105fe0d557f785cc449f
53,mzn-bench/2011/fast-food/ff10,2011/fast-food,mixed-p4-r2,3,feasible,704,245,8833,15216,False,9,3433502,33,220,{},4714dd6920b6c864987314151bd85b7b2982cd5df5b8105fe0d557f785cc449f
54,mzn-bench/2011/fast-food/ff10,2011/fast-food,mixed-p4-r4,3,feasible,704,182,12711,15183,False,9,3892329,15,197,{},4714dd6920b6c864987314151bd85b7b2982cd5df5b8105fe0d557f785cc449f
55,mzn-bench/2011/fast-food/ff10,2011/fast-food,cp-p4-a4,3,feasible,868,194,14049,15246,False,4,865396,0,228,{},4714dd6920b6c864987314151bd85b7b2982cd5df5b8105fe0d557f785cc449f
56,mzn-bench/2011/fast-food/ff10,2011/fast-food,cp-p4-a12,3,feasible,704,168,12966,15190,False,12,405624,7,248,{},4714dd6920b6c864987314151bd85b7b2982cd5df5b8105fe0d557f785cc449f
57,mzn-bench/2011/fast-food/ff10,2011/fast-food,mixed-p4-a4,3,feasible,1306,221,5067,15159,False,4,520254,0,62,{},4714dd6920b6c864987314151bd85b7b2982cd5df5b8105fe0d557f785cc449f
58,mzn-bench/2011/fast-food/ff10,2011/fast-food,mixed-p4-a12,3,feasible,704,257,12724,15228,False,13,2476942,21,298,{},4714dd6920b6c864987314151bd85b7b2982cd5df5b8105fe0d557f785cc449f
59,mzn-bench/2011/fast-food/ff10,2011/fast-food,main-cp-p1,3,feasible,857,152,9100,15189,False,6,319187,0,50,{},c5f3896bdc0ec8fd17986a96333426c23c7369322641a064d6e0e9fb8f35e566
60,mzn-bench/2011/fast-food/ff10,2011/fast-food,seam-cp-p1,7,feasible,880,201,14199,15183,False,6,400594,4,57,{},3e5d9c523c45a7618f9d864d10dbfa91ae5c917ac0c0a083e211cd197e12c68c
61,mzn-bench/2011/fast-food/ff10,2011/fast-food,main-mixed-p1,7,feasible,863,177,14156,15167,False,7,1528848,0,41,{},c5f3896bdc0ec8fd17986a96333426c23c7369322641a064d6e0e9fb8f35e566
62,mzn-bench/2011/fast-food/ff10,2011/fast-food,seam-mixed-p1,7,feasible,746,171,13514,15201,False,7,784111,5,44,{},3e5d9c523c45a7618f9d864d10dbfa91ae5c917ac0c0a083e211cd197e12c68c
63,mzn-bench/2011/fast-food/ff10,2011/fast-food,mixed-p1-r0,7,feasible,756,187,10088,15176,False,7,823147,0,42,{},3e5d9c523c45a7618f9d864d10dbfa91ae5c917ac0c0a083e211cd197e12c68c
64,mzn-bench/2011/fast-food/ff10,2011/fast-food,mixed-p1-r2,7,feasible,896,193,14175,15175,False,7,746942,8,57,{},3e5d9c523c45a7618f9d864d10dbfa91ae5c917ac0c0a083e211cd197e12c68c
65,mzn-bench/2011/fast-food/ff10,2011/fast-food,mixed-p1-r4,7,feasible,1093,211,13852,15185,False,7,809019,5,40,{},3e5d9c523c45a7618f9d864d10dbfa91ae5c917ac0c0a083e211cd197e12c68c
66,mzn-bench/2011/fast-food/ff10,2011/fast-food,cp-p1-a12,7,feasible,885,193,11299,15194,False,12,254792,2,52,{},3e5d9c523c45a7618f9d864d10dbfa91ae5c917ac0c0a083e211cd197e12c68c
67,mzn-bench/2011/fast-food/ff10,2011/fast-food,mixed-p1-a12,7,feasible,878,166,13257,15159,False,13,1408551,5,44,{},3e5d9c523c45a7618f9d864d10dbfa91ae5c917ac0c0a083e211cd197e12c68c
68,mzn-bench/2011/fast-food/ff10,2011/fast-food,main-cp-p4,7,feasible,704,281,14493,15202,False,8,1015348,0,286,{},e1c4f94cba1305205e0e7771d2880959c2e85d14b3ee2909e4531d6c65108b72
69,mzn-bench/2011/fast-food/ff10,2011/fast-food,seam-cp-p4,7,feasible,728,235,14461,15201,False,8,558647,9,276,{},4714dd6920b6c864987314151bd85b7b2982cd5df5b8105fe0d557f785cc449f
70,mzn-bench/2011/fast-food/ff10,2011/fast-food,main-mixed-p4,7,feasible,722,331,8979,15184,False,9,3900300,0,218,{},e1c4f94cba1305205e0e7771d2880959c2e85d14b3ee2909e4531d6c65108b72
71,mzn-bench/2011/fast-food/ff10,2011/fast-food,seam-mixed-p4,7,feasible,760,262,13170,15223,False,9,3914531,14,175,{},4714dd6920b6c864987314151bd85b7b2982cd5df5b8105fe0d557f785cc449f
72,mzn-bench/2011/fast-food/ff10,2011/fast-food,mixed-p4-r0,7,feasible,852,281,12773,15190,False,9,4906416,0,164,{},4714dd6920b6c864987314151bd85b7b2982cd5df5b8105fe0d557f785cc449f
73,mzn-bench/2011/fast-food/ff10,2011/fast-food,mixed-p4-r2,7,feasible,863,337,11911,15199,False,9,4536473,27,229,{},4714dd6920b6c864987314151bd85b7b2982cd5df5b8105fe0d557f785cc449f
74,mzn-bench/2011/fast-food/ff10,2011/fast-food,mixed-p4-r4,7,feasible,722,292,11171,15186,False,9,3529831,13,199,{},4714dd6920b6c864987314151bd85b7b2982cd5df5b8105fe0d557f785cc449f
75,mzn-bench/2011/fast-food/ff10,2011/fast-food,cp-p4-a4,7,feasible,916,329,14628,15194,False,4,623680,0,264,{},4714dd6920b6c864987314151bd85b7b2982cd5df5b8105fe0d557f785cc449f
76,mzn-bench/2011/fast-food/ff10,2011/fast-food,cp-p4-a12,7,feasible,704,221,5975,15195,False,12,634636,9,263,{},4714dd6920b6c864987314151bd85b7b2982cd5df5b8105fe0d557f785cc449f
77,mzn-bench/2011/fast-food/ff10,2011/fast-food,mixed-p4-a4,7,feasible,1655,302,14632,15161,False,4,452637,0,65,{},4714dd6920b6c864987314151bd85b7b2982cd5df5b8105fe0d557f785cc449f
78,mzn-bench/2011/fast-food/ff10,2011/fast-food,mixed-p4-a12,7,feasible,704,269,10386,15192,False,13,2544746,22,301,{},4714dd6920b6c864987314151bd85b7b2982cd5df5b8105fe0d557f785cc449f
79,mzn-bench/2011/fast-food/ff10,2011/fast-food,main-cp-p1,7,feasible,925,171,6279,15147,False,6,399241,0,47,{},c5f3896bdc0ec8fd17986a96333426c23c7369322641a064d6e0e9fb8f35e566
80,xcsp3-cop/CoinsGrid-08-04_c22,CoinsGrid,main-mixed-p1,3,feasible,80,123,6095,15175,False,7,3326468,0,68,{},c5f3896bdc0ec8fd17986a96333426c23c7369322641a064d6e0e9fb8f35e566
81,xcsp3-cop/CoinsGrid-08-04_c22,CoinsGrid,seam-mixed-p1,3,feasible,80,86,13838,15172,False,7,2763101,10,38,{},3e5d9c523c45a7618f9d864d10dbfa91ae5c917ac0c0a083e211cd197e12c68c
82,xcsp3-cop/CoinsGrid-08-04_c22,CoinsGrid,mixed-p1-r0,3,feasible,80,106,5460,15176,False,7,3442801,0,43,{},3e5d9c523c45a7618f9d864d10dbfa91ae5c917ac0c0a083e211cd197e12c68c
83,xcsp3-cop/CoinsGrid-08-04_c22,CoinsGrid,mixed-p1-r2,3,feasible,80,104,3940,15175,False,7,2791326,16,43,{},3e5d9c523c45a7618f9d864d10dbfa91ae5c917ac0c0a083e211cd197e12c68c
84,xcsp3-cop/CoinsGrid-08-04_c22,CoinsGrid,mixed-p1-r4,3,feasible,80,105,3826,15197,False,7,2887798,6,51,{},3e5d9c523c45a7618f9d864d10dbfa91ae5c917ac0c0a083e211cd197e12c68c
85,xcsp3-cop/CoinsGrid-08-04_c22,CoinsGrid,cp-p1-a12,3,optimal,80,110,735,1312,True,12,10093,0,54,{},3e5d9c523c45a7618f9d864d10dbfa91ae5c917ac0c0a083e211cd197e12c68c
86,xcsp3-cop/CoinsGrid-08-04_c22,CoinsGrid,mixed-p1-a12,3,optimal,80,117,1979,2487,True,13,35093,0,50,{},3e5d9c523c45a7618f9d864d10dbfa91ae5c917ac0c0a083e211cd197e12c68c
87,xcsp3-cop/CoinsGrid-08-04_c22,CoinsGrid,main-cp-p4,3,optimal,80,130,269,809,True,8,4161,0,196,{},e1c4f94cba1305205e0e7771d2880959c2e85d14b3ee2909e4531d6c65108b72
88,xcsp3-cop/CoinsGrid-08-04_c22,CoinsGrid,seam-cp-p4,3,optimal,80,138,188,684,True,8,1019,0,200,{},4714dd6920b6c864987314151bd85b7b2982cd5df5b8105fe0d557f785cc449f
89,xcsp3-cop/CoinsGrid-08-04_c22,CoinsGrid,main-mixed-p4,3,optimal,80,75,231,732,True,9,2423,0,150,{},e1c4f94cba1305205e0e7771d2880959c2e85d14b3ee2909e4531d6c65108b72
90,xcsp3-cop/CoinsGrid-08-04_c22,CoinsGrid,seam-mixed-p4,3,optimal,80,78,241,724,True,9,3012,0,156,{},4714dd6920b6c864987314151bd85b7b2982cd5df5b8105fe0d557f785cc449f
91,xcsp3-cop/CoinsGrid-08-04_c22,CoinsGrid,mixed-p4-r0,3,optimal,80,76,236,727,True,9,3154,0,143,{},4714dd6920b6c864987314151bd85b7b2982cd5df5b8105fe0d557f785cc449f
92,xcsp3-cop/CoinsGrid-08-04_c22,CoinsGrid,mixed-p4-r2,3,optimal,80,88,228,692,True,9,2637,0,141,{},4714dd6920b6c864987314151bd85b7b2982cd5df5b8105fe0d557f785cc449f
93,xcsp3-cop/CoinsGrid-08-04_c22,CoinsGrid,mixed-p4-r4,3,optimal,80,91,240,742,True,9,2910,0,158,{},4714dd6920b6c864987314151bd85b7b2982cd5df5b8105fe0d557f785cc449f
94,xcsp3-cop/CoinsGrid-08-04_c22,CoinsGrid,cp-p4-a4,3,optimal,80,136,246,770,True,4,3392,0,212,{},4714dd6920b6c864987314151bd85b7b2982cd5df5b8105fe0d557f785cc449f
95,xcsp3-cop/CoinsGrid-08-04_c22,CoinsGrid,cp-p4-a12,3,optimal,80,129,237,802,True,12,3350,0,212,{},4714dd6920b6c864987314151bd85b7b2982cd5df5b8105fe0d557f785cc449f
96,xcsp3-cop/CoinsGrid-08-04_c22,CoinsGrid,mixed-p4-a4,3,feasible,106,70,14737,15171,False,4,2896702,0,47,{},4714dd6920b6c864987314151bd85b7b2982cd5df5b8105fe0d557f785cc449f
97,xcsp3-cop/CoinsGrid-08-04_c22,CoinsGrid,mixed-p4-a12,3,optimal,80,133,192,698,True,13,1149,0,188,{},4714dd6920b6c864987314151bd85b7b2982cd5df5b8105fe0d557f785cc449f
98,xcsp3-cop/CoinsGrid-08-04_c22,CoinsGrid,main-cp-p1,3,optimal,80,115,805,1341,True,6,10093,0,52,{},c5f3896bdc0ec8fd17986a96333426c23c7369322641a064d6e0e9fb8f35e566
99,xcsp3-cop/CoinsGrid-08-04_c22,CoinsGrid,seam-cp-p1,3,optimal,80,91,674,1204,True,6,10093,0,42,{},3e5d9c523c45a7618f9d864d10dbfa91ae5c917ac0c0a083e211cd197e12c68c
100,xcsp3-cop/CoinsGrid-08-04_c22,CoinsGrid,main-mixed-p1,7,feasible,80,104,5093,15187,False,7,2757358,0,52,{},c5f3896bdc0ec8fd17986a96333426c23c7369322641a064d6e0e9fb8f35e566
101,xcsp3-cop/CoinsGrid-08-04_c22,CoinsGrid,seam-mixed-p1,7,feasible,80,97,6615,15169,False,7,3008000,9,48,{},3e5d9c523c45a7618f9d864d10dbfa91ae5c917ac0c0a083e211cd197e12c68c
102,xcsp3-cop/CoinsGrid-08-04_c22,CoinsGrid,mixed-p1-r0,7,feasible,80,79,6148,15191,False,7,2936626,0,40,{},3e5d9c523c45a7618f9d864d10dbfa91ae5c917ac0c0a083e211cd197e12c68c
103,xcsp3-cop/CoinsGrid-08-04_c22,CoinsGrid,mixed-p1-r2,7,feasible,80,79,6771,15169,False,7,3018704,12,40,{},3e5d9c523c45a7618f9d864d10dbfa91ae5c917ac0c0a083e211cd197e12c68c
104,xcsp3-cop/CoinsGrid-08-04_c22,CoinsGrid,mixed-p1-r4,7,feasible,80,77,10508,15173,False,7,3178745,6,39,{},3e5d9c523c45a7618f9d864d10dbfa91ae5c917ac0c0a083e211cd197e12c68c
105,xcsp3-cop/CoinsGrid-08-04_c22,CoinsGrid,cp-p1-a12,7,optimal,80,97,740,1292,True,12,10093,0,50,{},3e5d9c523c45a7618f9d864d10dbfa91ae5c917ac0c0a083e211cd197e12c68c
106,xcsp3-cop/CoinsGrid-08-04_c22,CoinsGrid,mixed-p1-a12,7,optimal,80,100,1736,2243,True,13,35093,0,50,{},3e5d9c523c45a7618f9d864d10dbfa91ae5c917ac0c0a083e211cd197e12c68c
107,xcsp3-cop/CoinsGrid-08-04_c22,CoinsGrid,main-cp-p4,7,optimal,80,102,198,695,True,8,1460,0,184,{},e1c4f94cba1305205e0e7771d2880959c2e85d14b3ee2909e4531d6c65108b72
108,xcsp3-cop/CoinsGrid-08-04_c22,CoinsGrid,seam-cp-p4,7,optimal,80,98,203,672,True,8,1263,0,204,{},4714dd6920b6c864987314151bd85b7b2982cd5df5b8105fe0d557f785cc449f
109,xcsp3-cop/CoinsGrid-08-04_c22,CoinsGrid,main-mixed-p4,7,optimal,80,62,184,672,True,9,2002,0,144,{},e1c4f94cba1305205e0e7771d2880959c2e85d14b3ee2909e4531d6c65108b72
110,xcsp3-cop/CoinsGrid-08-04_c22,CoinsGrid,seam-mixed-p4,7,optimal,80,66,258,758,True,9,4316,0,171,{},4714dd6920b6c864987314151bd85b7b2982cd5df5b8105fe0d557f785cc449f
111,xcsp3-cop/CoinsGrid-08-04_c22,CoinsGrid,mixed-p4-r0,7,optimal,80,63,235,772,True,9,4133,0,150,{},4714dd6920b6c864987314151bd85b7b2982cd5df5b8105fe0d557f785cc449f
112,xcsp3-cop/CoinsGrid-08-04_c22,CoinsGrid,mixed-p4-r2,7,optimal,80,63,238,742,True,9,3725,0,165,{},4714dd6920b6c864987314151bd85b7b2982cd5df5b8105fe0d557f785cc449f
113,xcsp3-cop/CoinsGrid-08-04_c22,CoinsGrid,mixed-p4-r4,7,optimal,80,62,231,729,True,9,4326,0,147,{},4714dd6920b6c864987314151bd85b7b2982cd5df5b8105fe0d557f785cc449f
114,xcsp3-cop/CoinsGrid-08-04_c22,CoinsGrid,cp-p4-a4,7,optimal,80,107,209,649,True,4,1232,0,216,{},4714dd6920b6c864987314151bd85b7b2982cd5df5b8105fe0d557f785cc449f
115,xcsp3-cop/CoinsGrid-08-04_c22,CoinsGrid,cp-p4-a12,7,optimal,80,95,251,764,True,12,2974,0,200,{},4714dd6920b6c864987314151bd85b7b2982cd5df5b8105fe0d557f785cc449f
116,xcsp3-cop/CoinsGrid-08-04_c22,CoinsGrid,mixed-p4-a4,7,feasible,104,61,3919,15163,False,4,3203806,0,53,{},4714dd6920b6c864987314151bd85b7b2982cd5df5b8105fe0d557f785cc449f
117,xcsp3-cop/CoinsGrid-08-04_c22,CoinsGrid,mixed-p4-a12,7,optimal,80,104,219,715,True,13,2560,0,190,{},4714dd6920b6c864987314151bd85b7b2982cd5df5b8105fe0d557f785cc449f
118,xcsp3-cop/CoinsGrid-08-04_c22,CoinsGrid,main-cp-p1,7,optimal,80,80,743,1232,True,6,10093,0,41,{},c5f3896bdc0ec8fd17986a96333426c23c7369322641a064d6e0e9fb8f35e566
119,xcsp3-cop/CoinsGrid-08-04_c22,CoinsGrid,seam-cp-p1,7,optimal,80,94,743,1299,True,6,10093,0,49,{},3e5d9c523c45a7618f9d864d10dbfa91ae5c917ac0c0a083e211cd197e12c68c
120,xcsp3-cop/Fortress1-03_c25,Fortress1,seam-mixed-p1,3,feasible,499570,798,11549,15254,False,7,928690,5,101,{},3e5d9c523c45a7618f9d864d10dbfa91ae5c917ac0c0a083e211cd197e12c68c
121,xcsp3-cop/Fortress1-03_c25,Fortress1,mixed-p1-r0,3,feasible,509577,847,13259,15165,False,7,1115585,0,87,{},3e5d9c523c45a7618f9d864d10dbfa91ae5c917ac0c0a083e211cd197e12c68c
122,xcsp3-cop/Fortress1-03_c25,Fortress1,mixed-p1-r2,3,feasible,509574,818,5315,15166,False,7,1260819,11,118,{},3e5d9c523c45a7618f9d864d10dbfa91ae5c917ac0c0a083e211cd197e12c68c
123,xcsp3-cop/Fortress1-03_c25,Fortress1,mixed-p1-r4,3,feasible,509524,769,7537,15192,False,7,1258880,4,88,{},3e5d9c523c45a7618f9d864d10dbfa91ae5c917ac0c0a083e211cd197e12c68c
124,xcsp3-cop/Fortress1-03_c25,Fortress1,cp-p1-a12,3,feasible,499568,661,9310,15173,False,12,462598,4,89,{},3e5d9c523c45a7618f9d864d10dbfa91ae5c917ac0c0a083e211cd197e12c68c
125,xcsp3-cop/Fortress1-03_c25,Fortress1,mixed-p1-a12,3,feasible,509575,788,8232,15200,False,13,706239,4,82,{},3e5d9c523c45a7618f9d864d10dbfa91ae5c917ac0c0a083e211cd197e12c68c
126,xcsp3-cop/Fortress1-03_c25,Fortress1,main-cp-p4,3,feasible,509571,583,13637,15191,False,8,1249511,0,745,{},e1c4f94cba1305205e0e7771d2880959c2e85d14b3ee2909e4531d6c65108b72
127,xcsp3-cop/Fortress1-03_c25,Fortress1,seam-cp-p4,3,feasible,509579,451,451,15167,False,8,1251724,17,527,{},4714dd6920b6c864987314151bd85b7b2982cd5df5b8105fe0d557f785cc449f
128,xcsp3-cop/Fortress1-03_c25,Fortress1,main-mixed-p4,3,feasible,509569,465,12817,15180,False,9,4268811,0,535,{},e1c4f94cba1305205e0e7771d2880959c2e85d14b3ee2909e4531d6c65108b72
129,xcsp3-cop/Fortress1-03_c25,Fortress1,seam-mixed-p4,3,feasible,509572,520,11052,15175,False,9,4630049,20,481,{},4714dd6920b6c864987314151bd85b7b2982cd5df5b8105fe0d557f785cc449f
130,xcsp3-cop/Fortress1-03_c25,Fortress1,mixed-p4-r0,3,feasible,509567,454,13883,15157,False,9,5024783,0,270,{},4714dd6920b6c864987314151bd85b7b2982cd5df5b8105fe0d557f785cc449f
131,xcsp3-cop/Fortress1-03_c25,Fortress1,mixed-p4-r2,3,feasible,509566,489,13983,15175,False,9,4323093,29,621,{},4714dd6920b6c864987314151bd85b7b2982cd5df5b8105fe0d557f785cc449f
132,xcsp3-cop/Fortress1-03_c25,Fortress1,mixed-p4-r4,3,feasible,509569,458,13802,15180,False,9,4155928,16,432,{},4714dd6920b6c864987314151bd85b7b2982cd5df5b8105fe0d557f785cc449f
133,xcsp3-cop/Fortress1-03_c25,Fortress1,cp-p4-a4,3,feasible,479519,513,9177,15166,False,4,1152338,0,420,{},4714dd6920b6c864987314151bd85b7b2982cd5df5b8105fe0d557f785cc449f
134,xcsp3-cop/Fortress1-03_c25,Fortress1,cp-p4-a12,3,feasible,499567,457,10297,15168,False,12,1324234,15,574,{},4714dd6920b6c864987314151bd85b7b2982cd5df5b8105fe0d557f785cc449f
135,xcsp3-cop/Fortress1-03_c25,Fortress1,mixed-p4-a4,3,feasible,679540,2364,14260,15190,False,4,1774237,0,62,{},4714dd6920b6c864987314151bd85b7b2982cd5df5b8105fe0d557f785cc449f
136,xcsp3-cop/Fortress1-03_c25,Fortress1,mixed-p4-a12,3,feasible,729640,4625,12952,15342,False,13,5157954,17,502,{},4714dd6920b6c864987314151bd85b7b2982cd5df5b8105fe0d557f785cc449f
137,xcsp3-cop/Fortress1-03_c25,Fortress1,main-cp-p1,3,feasible,499527,899,8419,15187,False,6,417872,0,78,{},c5f3896bdc0ec8fd17986a96333426c23c7369322641a064d6e0e9fb8f35e566
138,xcsp3-cop/Fortress1-03_c25,Fortress1,seam-cp-p1,3,feasible,499527,701,8243,15188,False,6,413160,4,87,{},3e5d9c523c45a7618f9d864d10dbfa91ae5c917ac0c0a083e211cd197e12c68c
139,xcsp3-cop/Fortress1-03_c25,Fortress1,main-mixed-p1,3,feasible,509521,798,13690,15156,False,7,1262167,0,97,{},c5f3896bdc0ec8fd17986a96333426c23c7369322641a064d6e0e9fb8f35e566
140,xcsp3-cop/Fortress1-03_c25,Fortress1,seam-mixed-p1,7,feasible,509569,701,12425,15180,False,7,1286340,6,73,{},3e5d9c523c45a7618f9d864d10dbfa91ae5c917ac0c0a083e211cd197e12c68c
141,xcsp3-cop/Fortress1-03_c25,Fortress1,mixed-p1-r0,7,feasible,509568,788,10810,15172,False,7,1906004,0,71,{},3e5d9c523c45a7618f9d864d10dbfa91ae5c917ac0c0a083e211cd197e12c68c
142,xcsp3-cop/Fortress1-03_c25,Fortress1,mixed-p1-r2,7,feasible,509577,752,2697,15175,False,7,1637448,12,120,{},3e5d9c523c45a7618f9d864d10dbfa91ae5c917ac0c0a083e211cd197e12c68c
143,xcsp3-cop/Fortress1-03_c25,Fortress1,mixed-p1-r4,7,feasible,509568,862,13797,15215,False,7,993781,6,91,{},3e5d9c523c45a7618f9d864d10dbfa91ae5c917ac0c0a083e211cd197e12c68c
144,xcsp3-cop/Fortress1-03_c25,Fortress1,cp-p1-a12,7,feasible,499571,832,4516,15178,False,12,407441,5,105,{},3e5d9c523c45a7618f9d864d10dbfa91ae5c917ac0c0a083e211cd197e12c68c
145,xcsp3-cop/Fortress1-03_c25,Fortress1,mixed-p1-a12,7,feasible,509519,615,10978,15155,False,13,1084125,7,72,{},3e5d9c523c45a7618f9d864d10dbfa91ae5c917ac0c0a083e211cd197e12c68c
146,xcsp3-cop/Fortress1-03_c25,Fortress1,main-cp-p4,7,feasible,509522,480,9411,15165,False,8,1169727,0,472,{},e1c4f94cba1305205e0e7771d2880959c2e85d14b3ee2909e4531d6c65108b72
147,xcsp3-cop/Fortress1-03_c25,Fortress1,seam-cp-p4,7,feasible,509519,501,12350,15158,False,8,1269423,13,515,{},4714dd6920b6c864987314151bd85b7b2982cd5df5b8105fe0d557f785cc449f
148,xcsp3-cop/Fortress1-03_c25,Fortress1,main-mixed-p4,7,feasible,509562,416,14233,15167,False,9,4496661,0,392,{},e1c4f94cba1305205e0e7771d2880959c2e85d14b3ee2909e4531d6c65108b72
149,xcsp3-cop/Fortress1-03_c25,Fortress1,seam-mixed-p4,7,feasible,499557,462,14106,15178,False,9,4715478,21,423,{},4714dd6920b6c864987314151bd85b7b2982cd5df5b8105fe0d557f785cc449f
150,xcsp3-cop/Fortress1-03_c25,Fortress1,mixed-p4-r0,7,feasible,509557,381,14074,15159,False,9,4923862,0,312,{},4714dd6920b6c864987314151bd85b7b2982cd5df5b8105fe0d557f785cc449f
151,xcsp3-cop/Fortress1-03_c25,Fortress1,mixed-p4-r2,7,feasible,509567,412,12973,15209,False,9,4811605,29,542,{},4714dd6920b6c864987314151bd85b7b2982cd5df5b8105fe0d557f785cc449f
152,xcsp3-cop/Fortress1-03_c25,Fortress1,mixed-p4-r4,7,feasible,509557,449,13908,15181,False,9,5163952,15,405,{},4714dd6920b6c864987314151bd85b7b2982cd5df5b8105fe0d557f785cc449f
153,xcsp3-cop/Fortress1-03_c25,Fortress1,cp-p4-a4,7,feasible,469526,496,11270,15178,False,4,1125792,0,408,{},4714dd6920b6c864987314151bd85b7b2982cd5df5b8105fe0d557f785cc449f
154,xcsp3-cop/Fortress1-03_c25,Fortress1,cp-p4-a12,7,feasible,489515,570,3293,15170,False,12,1348267,16,521,{},4714dd6920b6c864987314151bd85b7b2982cd5df5b8105fe0d557f785cc449f
155,xcsp3-cop/Fortress1-03_c25,Fortress1,mixed-p4-a4,7,feasible,659531,2043,14362,15164,False,4,1735774,0,74,{},4714dd6920b6c864987314151bd85b7b2982cd5df5b8105fe0d557f785cc449f
156,xcsp3-cop/Fortress1-03_c25,Fortress1,mixed-p4-a12,7,feasible,699533,937,13883,15164,False,13,4850442,17,469,{},4714dd6920b6c864987314151bd85b7b2982cd5df5b8105fe0d557f785cc449f
157,xcsp3-cop/Fortress1-03_c25,Fortress1,main-cp-p1,7,feasible,509579,820,820,15183,False,6,403415,0,104,{},c5f3896bdc0ec8fd17986a96333426c23c7369322641a064d6e0e9fb8f35e566
158,xcsp3-cop/Fortress1-03_c25,Fortress1,seam-cp-p1,7,feasible,509579,734,734,15177,False,6,403423,6,87,{},3e5d9c523c45a7618f9d864d10dbfa91ae5c917ac0c0a083e211cd197e12c68c
159,xcsp3-cop/Fortress1-03_c25,Fortress1,main-mixed-p1,7,feasible,509569,620,12299,15153,False,7,1302991,0,67,{},c5f3896bdc0ec8fd17986a96333426c23c7369322641a064d6e0e9fb8f35e566
160,pb-comp/normalized-PB24/OPT-LIN/nordstrom/KNAP/profit_ceiling/normalized-knapPI_15_20_1000_2_-948,normalized-PB24/OPT-LIN/nordstrom/KNAP/profit_ceiling,mixed-p1-r0,3,optimal,-318,65,146,563,True,7,2183,0,39,{},3e5d9c523c45a7618f9d864d10dbfa91ae5c917ac0c0a083e211cd197e12c68c
161,pb-comp/normalized-PB24/OPT-LIN/nordstrom/KNAP/profit_ceiling/normalized-knapPI_15_20_1000_2_-948,normalized-PB24/OPT-LIN/nordstrom/KNAP/profit_ceiling,mixed-p1-r2,3,optimal,-318,64,144,583,True,7,2183,0,37,{},3e5d9c523c45a7618f9d864d10dbfa91ae5c917ac0c0a083e211cd197e12c68c
162,pb-comp/normalized-PB24/OPT-LIN/nordstrom/KNAP/profit_ceiling/normalized-knapPI_15_20_1000_2_-948,normalized-PB24/OPT-LIN/nordstrom/KNAP/profit_ceiling,mixed-p1-r4,3,optimal,-318,67,138,585,True,7,2183,0,43,{},3e5d9c523c45a7618f9d864d10dbfa91ae5c917ac0c0a083e211cd197e12c68c
163,pb-comp/normalized-PB24/OPT-LIN/nordstrom/KNAP/profit_ceiling/normalized-knapPI_15_20_1000_2_-948,normalized-PB24/OPT-LIN/nordstrom/KNAP/profit_ceiling,cp-p1-a12,3,optimal,-318,56,130,582,True,12,2183,0,35,{},3e5d9c523c45a7618f9d864d10dbfa91ae5c917ac0c0a083e211cd197e12c68c
164,pb-comp/normalized-PB24/OPT-LIN/nordstrom/KNAP/profit_ceiling/normalized-knapPI_15_20_1000_2_-948,normalized-PB24/OPT-LIN/nordstrom/KNAP/profit_ceiling,mixed-p1-a12,3,optimal,-318,60,123,521,True,13,2183,0,37,{},3e5d9c523c45a7618f9d864d10dbfa91ae5c917ac0c0a083e211cd197e12c68c
165,pb-comp/normalized-PB24/OPT-LIN/nordstrom/KNAP/profit_ceiling/normalized-knapPI_15_20_1000_2_-948,normalized-PB24/OPT-LIN/nordstrom/KNAP/profit_ceiling,main-cp-p4,3,optimal,-318,119,170,849,True,8,3072,0,284,{},e1c4f94cba1305205e0e7771d2880959c2e85d14b3ee2909e4531d6c65108b72
166,pb-comp/normalized-PB24/OPT-LIN/nordstrom/KNAP/profit_ceiling/normalized-knapPI_15_20_1000_2_-948,normalized-PB24/OPT-LIN/nordstrom/KNAP/profit_ceiling,seam-cp-p4,3,optimal,-318,65,104,529,True,8,3395,0,152,{},4714dd6920b6c864987314151bd85b7b2982cd5df5b8105fe0d557f785cc449f
167,pb-comp/normalized-PB24/OPT-LIN/nordstrom/KNAP/profit_ceiling/normalized-knapPI_15_20_1000_2_-948,normalized-PB24/OPT-LIN/nordstrom/KNAP/profit_ceiling,main-mixed-p4,3,optimal,-318,69,121,654,True,9,7938,0,125,{},e1c4f94cba1305205e0e7771d2880959c2e85d14b3ee2909e4531d6c65108b72
168,pb-comp/normalized-PB24/OPT-LIN/nordstrom/KNAP/profit_ceiling/normalized-knapPI_15_20_1000_2_-948,normalized-PB24/OPT-LIN/nordstrom/KNAP/profit_ceiling,seam-mixed-p4,3,optimal,-318,68,120,604,True,9,5421,0,120,{},4714dd6920b6c864987314151bd85b7b2982cd5df5b8105fe0d557f785cc449f
169,pb-comp/normalized-PB24/OPT-LIN/nordstrom/KNAP/profit_ceiling/normalized-knapPI_15_20_1000_2_-948,normalized-PB24/OPT-LIN/nordstrom/KNAP/profit_ceiling,mixed-p4-r0,3,optimal,-318,82,139,697,True,9,7273,0,138,{},4714dd6920b6c864987314151bd85b7b2982cd5df5b8105fe0d557f785cc449f
170,pb-comp/normalized-PB24/OPT-LIN/nordstrom/KNAP/profit_ceiling/normalized-knapPI_15_20_1000_2_-948,normalized-PB24/OPT-LIN/nordstrom/KNAP/profit_ceiling,mixed-p4-r2,3,optimal,-318,86,147,677,True,9,9814,0,153,{},4714dd6920b6c864987314151bd85b7b2982cd5df5b8105fe0d557f785cc449f
171,pb-comp/normalized-PB24/OPT-LIN/nordstrom/KNAP/profit_ceiling/normalized-knapPI_15_20_1000_2_-948,normalized-PB24/OPT-LIN/nordstrom/KNAP/profit_ceiling,mixed-p4-r4,3,optimal,-318,85,150,707,True,9,8062,0,136,{},4714dd6920b6c864987314151bd85b7b2982cd5df5b8105fe0d557f785cc449f
172,pb-comp/normalized-PB24/OPT-LIN/nordstrom/KNAP/profit_ceiling/normalized-knapPI_15_20_1000_2_-948,normalized-PB24/OPT-LIN/nordstrom/KNAP/profit_ceiling,cp-p4-a4,3,optimal,-318,68,115,531,True,4,3830,0,168,{},4714dd6920b6c864987314151bd85b7b2982cd5df5b8105fe0d557f785cc449f
173,pb-comp/normalized-PB24/OPT-LIN/nordstrom/KNAP/profit_ceiling/normalized-knapPI_15_20_1000_2_-948,normalized-PB24/OPT-LIN/nordstrom/KNAP/profit_ceiling,cp-p4-a12,3,optimal,-318,70,118,578,True,12,1700,0,172,{},4714dd6920b6c864987314151bd85b7b2982cd5df5b8105fe0d557f785cc449f
174,pb-comp/normalized-PB24/OPT-LIN/nordstrom/KNAP/profit_ceiling/normalized-knapPI_15_20_1000_2_-948,normalized-PB24/OPT-LIN/nordstrom/KNAP/profit_ceiling,mixed-p4-a4,3,optimal,-318,50,131,553,True,4,8364,0,34,{},4714dd6920b6c864987314151bd85b7b2982cd5df5b8105fe0d557f785cc449f
175,pb-comp/normalized-PB24/OPT-LIN/nordstrom/KNAP/profit_ceiling/normalized-knapPI_15_20_1000_2_-948,normalized-PB24/OPT-LIN/nordstrom/KNAP/profit_ceiling,mixed-p4-a12,3,optimal,-318,70,117,538,True,13,2676,0,172,{},4714dd6920b6c864987314151bd85b7b2982cd5df5b8105fe0d557f785cc449f
176,pb-comp/normalized-PB24/OPT-LIN/nordstrom/KNAP/profit_ceiling/normalized-knapPI_15_20_1000_2_-948,normalized-PB24/OPT-LIN/nordstrom/KNAP/profit_ceiling,main-cp-p1,3,optimal,-318,72,140,569,True,6,2183,0,46,{},c5f3896bdc0ec8fd17986a96333426c23c7369322641a064d6e0e9fb8f35e566
177,pb-comp/normalized-PB24/OPT-LIN/nordstrom/KNAP/profit_ceiling/normalized-knapPI_15_20_1000_2_-948,normalized-PB24/OPT-LIN/nordstrom/KNAP/profit_ceiling,seam-cp-p1,3,optimal,-318,56,121,516,True,6,2183,0,35,{},3e5d9c523c45a7618f9d864d10dbfa91ae5c917ac0c0a083e211cd197e12c68c
178,pb-comp/normalized-PB24/OPT-LIN/nordstrom/KNAP/profit_ceiling/normalized-knapPI_15_20_1000_2_-948,normalized-PB24/OPT-LIN/nordstrom/KNAP/profit_ceiling,main-mixed-p1,3,optimal,-318,52,110,457,True,7,2183,0,32,{},c5f3896bdc0ec8fd17986a96333426c23c7369322641a064d6e0e9fb8f35e566
179,pb-comp/normalized-PB24/OPT-LIN/nordstrom/KNAP/profit_ceiling/normalized-knapPI_15_20_1000_2_-948,normalized-PB24/OPT-LIN/nordstrom/KNAP/profit_ceiling,seam-mixed-p1,3,optimal,-318,58,138,547,True,7,2183,0,35,{},3e5d9c523c45a7618f9d864d10dbfa91ae5c917ac0c0a083e211cd197e12c68c
180,pb-comp/normalized-PB24/OPT-LIN/nordstrom/KNAP/profit_ceiling/normalized-knapPI_15_20_1000_2_-948,normalized-PB24/OPT-LIN/nordstrom/KNAP/profit_ceiling,mixed-p1-r0,7,optimal,-318,64,98,569,True,7,1579,0,38,{},3e5d9c523c45a7618f9d864d10dbfa91ae5c917ac0c0a083e211cd197e12c68c
181,pb-comp/normalized-PB24/OPT-LIN/nordstrom/KNAP/profit_ceiling/normalized-knapPI_15_20_1000_2_-948,normalized-PB24/OPT-LIN/nordstrom/KNAP/profit_ceiling,mixed-p1-r2,7,optimal,-318,62,93,535,True,7,1579,0,39,{},3e5d9c523c45a7618f9d864d10dbfa91ae5c917ac0c0a083e211cd197e12c68c
182,pb-comp/normalized-PB24/OPT-LIN/nordstrom/KNAP/profit_ceiling/normalized-knapPI_15_20_1000_2_-948,normalized-PB24/OPT-LIN/nordstrom/KNAP/profit_ceiling,mixed-p1-r4,7,optimal,-318,50,75,492,True,7,1579,0,31,{},3e5d9c523c45a7618f9d864d10dbfa91ae5c917ac0c0a083e211cd197e12c68c
183,pb-comp/normalized-PB24/OPT-LIN/nordstrom/KNAP/profit_ceiling/normalized-knapPI_15_20_1000_2_-948,normalized-PB24/OPT-LIN/nordstrom/KNAP/profit_ceiling,cp-p1-a12,7,optimal,-318,51,78,497,True,12,1579,0,31,{},3e5d9c523c45a7618f9d864d10dbfa91ae5c917ac0c0a083e211cd197e12c68c
184,pb-comp/normalized-PB24/OPT-LIN/nordstrom/KNAP/profit_ceiling/normalized-knapPI_15_20_1000_2_-948,normalized-PB24/OPT-LIN/nordstrom/KNAP/profit_ceiling,mixed-p1-a12,7,optimal,-318,55,82,474,True,13,1579,0,34,{},3e5d9c523c45a7618f9d864d10dbfa91ae5c917ac0c0a083e211cd197e12c68c
185,pb-comp/normalized-PB24/OPT-LIN/nordstrom/KNAP/profit_ceiling/normalized-knapPI_15_20_1000_2_-948,normalized-PB24/OPT-LIN/nordstrom/KNAP/profit_ceiling,main-cp-p4,7,optimal,-318,74,106,541,True,8,2675,0,176,{},e1c4f94cba1305205e0e7771d2880959c2e85d14b3ee2909e4531d6c65108b72
186,pb-comp/normalized-PB24/OPT-LIN/nordstrom/KNAP/profit_ceiling/normalized-knapPI_15_20_1000_2_-948,normalized-PB24/OPT-LIN/nordstrom/KNAP/profit_ceiling,seam-cp-p4,7,optimal,-318,67,93,535,True,8,2807,0,172,{},4714dd6920b6c864987314151bd85b7b2982cd5df5b8105fe0d557f785cc449f
187,pb-comp/normalized-PB24/OPT-LIN/nordstrom/KNAP/profit_ceiling/normalized-knapPI_15_20_1000_2_-948,normalized-PB24/OPT-LIN/nordstrom/KNAP/profit_ceiling,main-mixed-p4,7,optimal,-318,78,113,616,True,9,7621,0,126,{},e1c4f94cba1305205e0e7771d2880959c2e85d14b3ee2909e4531d6c65108b72
188,pb-comp/normalized-PB24/OPT-LIN/nordstrom/KNAP/profit_ceiling/normalized-knapPI_15_20_1000_2_-948,normalized-PB24/OPT-LIN/nordstrom/KNAP/profit_ceiling,seam-mixed-p4,7,optimal,-318,71,103,566,True,9,8345,0,117,{},4714dd6920b6c864987314151bd85b7b2982cd5df5b8105fe0d557f785cc449f
189,pb-comp/normalized-PB24/OPT-LIN/nordstrom/KNAP/profit_ceiling/normalized-knapPI_15_20_1000_2_-948,normalized-PB24/OPT-LIN/nordstrom/KNAP/profit_ceiling,mixed-p4-r0,7,optimal,-318,78,118,592,True,9,6270,0,132,{},4714dd6920b6c864987314151bd85b7b2982cd5df5b8105fe0d557f785cc449f
190,pb-comp/normalized-PB24/OPT-LIN/nordstrom/KNAP/profit_ceiling/normalized-knapPI_15_20_1000_2_-948,normalized-PB24/OPT-LIN/nordstrom/KNAP/profit_ceiling,mixed-p4-r2,7,optimal,-318,76,107,578,True,9,7673,0,134,{},4714dd6920b6c864987314151bd85b7b2982cd5df5b8105fe0d557f785cc449f
191,pb-comp/normalized-PB24/OPT-LIN/nordstrom/KNAP/profit_ceiling/normalized-knapPI_15_20_1000_2_-948,normalized-PB24/OPT-LIN/nordstrom/KNAP/profit_ceiling,mixed-p4-r4,7,optimal,-318,66,101,555,True,9,5714,0,120,{},4714dd6920b6c864987314151bd85b7b2982cd5df5b8105fe0d557f785cc449f
192,pb-comp/normalized-PB24/OPT-LIN/nordstrom/KNAP/profit_ceiling/normalized-knapPI_15_20_1000_2_-948,normalized-PB24/OPT-LIN/nordstrom/KNAP/profit_ceiling,cp-p4-a4,7,optimal,-318,81,114,619,True,4,4594,0,200,{},4714dd6920b6c864987314151bd85b7b2982cd5df5b8105fe0d557f785cc449f
193,pb-comp/normalized-PB24/OPT-LIN/nordstrom/KNAP/profit_ceiling/normalized-knapPI_15_20_1000_2_-948,normalized-PB24/OPT-LIN/nordstrom/KNAP/profit_ceiling,cp-p4-a12,7,optimal,-318,64,94,491,True,12,1771,0,160,{},4714dd6920b6c864987314151bd85b7b2982cd5df5b8105fe0d557f785cc449f
194,pb-comp/normalized-PB24/OPT-LIN/nordstrom/KNAP/profit_ceiling/normalized-knapPI_15_20_1000_2_-948,normalized-PB24/OPT-LIN/nordstrom/KNAP/profit_ceiling,mixed-p4-a4,7,optimal,-318,49,102,627,True,4,13250,0,49,{},4714dd6920b6c864987314151bd85b7b2982cd5df5b8105fe0d557f785cc449f
195,pb-comp/normalized-PB24/OPT-LIN/nordstrom/KNAP/profit_ceiling/normalized-knapPI_15_20_1000_2_-948,normalized-PB24/OPT-LIN/nordstrom/KNAP/profit_ceiling,mixed-p4-a12,7,optimal,-318,68,95,539,True,13,2807,0,164,{},4714dd6920b6c864987314151bd85b7b2982cd5df5b8105fe0d557f785cc449f
196,pb-comp/normalized-PB24/OPT-LIN/nordstrom/KNAP/profit_ceiling/normalized-knapPI_15_20_1000_2_-948,normalized-PB24/OPT-LIN/nordstrom/KNAP/profit_ceiling,main-cp-p1,7,optimal,-318,52,79,496,True,6,1579,0,32,{},c5f3896bdc0ec8fd17986a96333426c23c7369322641a064d6e0e9fb8f35e566
197,pb-comp/normalized-PB24/OPT-LIN/nordstrom/KNAP/profit_ceiling/normalized-knapPI_15_20_1000_2_-948,normalized-PB24/OPT-LIN/nordstrom/KNAP/profit_ceiling,seam-cp-p1,7,optimal,-318,62,92,522,True,6,1579,0,39,{},3e5d9c523c45a7618f9d864d10dbfa91ae5c917ac0c0a083e211cd197e12c68c
198,pb-comp/normalized-PB24/OPT-LIN/nordstrom/KNAP/profit_ceiling/normalized-knapPI_15_20_1000_2_-948,normalized-PB24/OPT-LIN/nordstrom/KNAP/profit_ceiling,main-mixed-p1,7,optimal,-318,66,101,603,True,7,1579,0,40,{},c5f3896bdc0ec8fd17986a96333426c23c7369322641a064d6e0e9fb8f35e566
199,pb-comp/normalized-PB24/OPT-LIN/nordstrom/KNAP/profit_ceiling/normalized-knapPI_15_20_1000_2_-948,normalized-PB24/OPT-LIN/nordstrom/KNAP/profit_ceiling,seam-mixed-p1,7,optimal,-318,56,85,537,True,7,1579,0,35,{},3e5d9c523c45a7618f9d864d10dbfa91ae5c917ac0c0a083e211cd197e12c68c
200,pb-comp/normalized-PB15eval/OPT-LIN/dt-problems/normalized-lo_12x12_004.opb.metafix,normalized-PB15eval/OPT-LIN/dt-problems,mixed-p1-r2,3,feasible,61,81,81,15171,False,7,1204674,15,37,{},3e5d9c523c45a7618f9d864d10dbfa91ae5c917ac0c0a083e211cd197e12c68c
201,pb-comp/normalized-PB15eval/OPT-LIN/dt-problems/normalized-lo_12x12_004.opb.metafix,normalized-PB15eval/OPT-LIN/dt-problems,mixed-p1-r4,3,feasible,61,66,66,15168,False,7,1047992,8,32,{},3e5d9c523c45a7618f9d864d10dbfa91ae5c917ac0c0a083e211cd197e12c68c
202,pb-comp/normalized-PB15eval/OPT-LIN/dt-problems/normalized-lo_12x12_004.opb.metafix,normalized-PB15eval/OPT-LIN/dt-problems,cp-p1-a12,3,feasible,61,76,76,15179,False,12,144235,3,36,{},3e5d9c523c45a7618f9d864d10dbfa91ae5c917ac0c0a083e211cd197e12c68c
203,pb-comp/normalized-PB15eval/OPT-LIN/dt-problems/normalized-lo_12x12_004.opb.metafix,normalized-PB15eval/OPT-LIN/dt-problems,mixed-p1-a12,3,feasible,61,65,65,15166,False,13,536693,10,34,{},3e5d9c523c45a7618f9d864d10dbfa91ae5c917ac0c0a083e211cd197e12c68c
204,pb-comp/normalized-PB15eval/OPT-LIN/dt-problems/normalized-lo_12x12_004.opb.metafix,normalized-PB15eval/OPT-LIN/dt-problems,main-cp-p4,3,feasible,61,100,100,15159,False,8,665304,0,216,{},e1c4f94cba1305205e0e7771d2880959c2e85d14b3ee2909e4531d6c65108b72
205,pb-comp/normalized-PB15eval/OPT-LIN/dt-problems/normalized-lo_12x12_004.opb.metafix,normalized-PB15eval/OPT-LIN/dt-problems,seam-cp-p4,3,feasible,61,79,79,15140,False,8,726383,19,144,{},4714dd6920b6c864987314151bd85b7b2982cd5df5b8105fe0d557f785cc449f
206,pb-comp/normalized-PB15eval/OPT-LIN/dt-problems/normalized-lo_12x12_004.opb.metafix,normalized-PB15eval/OPT-LIN/dt-problems,main-mixed-p4,3,feasible,61,72,72,15149,False,9,5900227,0,108,{},e1c4f94cba1305205e0e7771d2880959c2e85d14b3ee2909e4531d6c65108b72
207,pb-comp/normalized-PB15eval/OPT-LIN/dt-problems/normalized-lo_12x12_004.opb.metafix,normalized-PB15eval/OPT-LIN/dt-problems,seam-mixed-p4,3,feasible,61,72,72,15153,False,9,5019097,39,109,{},4714dd6920b6c864987314151bd85b7b2982cd5df5b8105fe0d557f785cc449f
208,pb-comp/normalized-PB15eval/OPT-LIN/dt-problems/normalized-lo_12x12_004.opb.metafix,normalized-PB15eval/OPT-LIN/dt-problems,mixed-p4-r0,3,feasible,61,70,70,15429,False,9,4680174,0,105,{},4714dd6920b6c864987314151bd85b7b2982cd5df5b8105fe0d557f785cc449f
209,pb-comp/normalized-PB15eval/OPT-LIN/dt-problems/normalized-lo_12x12_004.opb.metafix,normalized-PB15eval/OPT-LIN/dt-problems,mixed-p4-r2,3,feasible,61,80,80,15140,False,9,5170433,58,106,{},4714dd6920b6c864987314151bd85b7b2982cd5df5b8105fe0d557f785cc449f
210,pb-comp/normalized-PB15eval/OPT-LIN/dt-problems/normalized-lo_12x12_004.opb.metafix,normalized-PB15eval/OPT-LIN/dt-problems,mixed-p4-r4,3,feasible,61,83,83,15141,False,9,5478669,27,111,{},4714dd6920b6c864987314151bd85b7b2982cd5df5b8105fe0d557f785cc449f
211,pb-comp/normalized-PB15eval/OPT-LIN/dt-problems/normalized-lo_12x12_004.opb.metafix,normalized-PB15eval/OPT-LIN/dt-problems,cp-p4-a4,3,feasible,61,77,77,15148,False,4,926475,0,148,{},4714dd6920b6c864987314151bd85b7b2982cd5df5b8105fe0d557f785cc449f
212,pb-comp/normalized-PB15eval/OPT-LIN/dt-problems/normalized-lo_12x12_004.opb.metafix,normalized-PB15eval/OPT-LIN/dt-problems,cp-p4-a12,3,feasible,61,86,86,15163,False,12,639949,18,160,{},4714dd6920b6c864987314151bd85b7b2982cd5df5b8105fe0d557f785cc449f
213,pb-comp/normalized-PB15eval/OPT-LIN/dt-problems/normalized-lo_12x12_004.opb.metafix,normalized-PB15eval/OPT-LIN/dt-problems,mixed-p4-a4,3,feasible,61,79,79,15147,False,4,8909673,0,39,{},4714dd6920b6c864987314151bd85b7b2982cd5df5b8105fe0d557f785cc449f
214,pb-comp/normalized-PB15eval/OPT-LIN/dt-problems/normalized-lo_12x12_004.opb.metafix,normalized-PB15eval/OPT-LIN/dt-problems,mixed-p4-a12,3,feasible,61,79,79,15312,False,13,2672575,40,154,{},4714dd6920b6c864987314151bd85b7b2982cd5df5b8105fe0d557f785cc449f
215,pb-comp/normalized-PB15eval/OPT-LIN/dt-problems/normalized-lo_12x12_004.opb.metafix,normalized-PB15eval/OPT-LIN/dt-problems,main-cp-p1,3,feasible,61,68,68,15166,False,6,124999,0,33,{},c5f3896bdc0ec8fd17986a96333426c23c7369322641a064d6e0e9fb8f35e566
216,pb-comp/normalized-PB15eval/OPT-LIN/dt-problems/normalized-lo_12x12_004.opb.metafix,normalized-PB15eval/OPT-LIN/dt-problems,seam-cp-p1,3,feasible,61,85,85,15155,False,6,122546,5,46,{},3e5d9c523c45a7618f9d864d10dbfa91ae5c917ac0c0a083e211cd197e12c68c
217,pb-comp/normalized-PB15eval/OPT-LIN/dt-problems/normalized-lo_12x12_004.opb.metafix,normalized-PB15eval/OPT-LIN/dt-problems,main-mixed-p1,3,feasible,61,82,82,15158,False,7,1203259,0,38,{},c5f3896bdc0ec8fd17986a96333426c23c7369322641a064d6e0e9fb8f35e566
218,pb-comp/normalized-PB15eval/OPT-LIN/dt-problems/normalized-lo_12x12_004.opb.metafix,normalized-PB15eval/OPT-LIN/dt-problems,seam-mixed-p1,3,feasible,61,67,67,15162,False,7,1057112,11,32,{},3e5d9c523c45a7618f9d864d10dbfa91ae5c917ac0c0a083e211cd197e12c68c
219,pb-comp/normalized-PB15eval/OPT-LIN/dt-problems/normalized-lo_12x12_004.opb.metafix,normalized-PB15eval/OPT-LIN/dt-problems,mixed-p1-r0,3,feasible,61,71,71,15147,False,7,908066,0,34,{},3e5d9c523c45a7618f9d864d10dbfa91ae5c917ac0c0a083e211cd197e12c68c
220,pb-comp/normalized-PB15eval/OPT-LIN/dt-problems/normalized-lo_12x12_004.opb.metafix,normalized-PB15eval/OPT-LIN/dt-problems,mixed-p1-r2,7,feasible,61,86,86,15160,False,7,1226200,16,39,{},3e5d9c523c45a7618f9d864d10dbfa91ae5c917ac0c0a083e211cd197e12c68c
221,pb-comp/normalized-PB15eval/OPT-LIN/dt-problems/normalized-lo_12x12_004.opb.metafix,normalized-PB15eval/OPT-LIN/dt-problems,mixed-p1-r4,7,feasible,61,67,67,15139,False,7,1183921,8,32,{},3e5d9c523c45a7618f9d864d10dbfa91ae5c917ac0c0a083e211cd197e12c68c
222,pb-comp/normalized-PB15eval/OPT-LIN/dt-problems/normalized-lo_12x12_004.opb.metafix,normalized-PB15eval/OPT-LIN/dt-problems,cp-p1-a12,7,feasible,61,83,83,15175,False,12,144665,3,38,{},3e5d9c523c45a7618f9d864d10dbfa91ae5c917ac0c0a083e211cd197e12c68c
223,pb-comp/normalized-PB15eval/OPT-LIN/dt-problems/normalized-lo_12x12_004.opb.metafix,normalized-PB15eval/OPT-LIN/dt-problems,mixed-p1-a12,7,feasible,61,65,65,15159,False,13,548365,10,33,{},3e5d9c523c45a7618f9d864d10dbfa91ae5c917ac0c0a083e211cd197e12c68c
224,pb-comp/normalized-PB15eval/OPT-LIN/dt-problems/normalized-lo_12x12_004.opb.metafix,normalized-PB15eval/OPT-LIN/dt-problems,main-cp-p4,7,feasible,61,81,81,15152,False,8,625956,0,164,{},e1c4f94cba1305205e0e7771d2880959c2e85d14b3ee2909e4531d6c65108b72
225,pb-comp/normalized-PB15eval/OPT-LIN/dt-problems/normalized-lo_12x12_004.opb.metafix,normalized-PB15eval/OPT-LIN/dt-problems,seam-cp-p4,7,feasible,61,81,81,15144,False,8,592080,19,164,{},4714dd6920b6c864987314151bd85b7b2982cd5df5b8105fe0d557f785cc449f
226,pb-comp/normalized-PB15eval/OPT-LIN/dt-problems/normalized-lo_12x12_004.opb.metafix,normalized-PB15eval/OPT-LIN/dt-problems,main-mixed-p4,7,feasible,61,76,76,15144,False,9,5216625,0,105,{},e1c4f94cba1305205e0e7771d2880959c2e85d14b3ee2909e4531d6c65108b72
227,pb-comp/normalized-PB15eval/OPT-LIN/dt-problems/normalized-lo_12x12_004.opb.metafix,normalized-PB15eval/OPT-LIN/dt-problems,seam-mixed-p4,7,feasible,61,84,84,15142,False,9,4420383,37,112,{},4714dd6920b6c864987314151bd85b7b2982cd5df5b8105fe0d557f785cc449f
228,pb-comp/normalized-PB15eval/OPT-LIN/dt-problems/normalized-lo_12x12_004.opb.metafix,normalized-PB15eval/OPT-LIN/dt-problems,mixed-p4-r0,7,feasible,61,72,72,15144,False,9,5025239,0,99,{},4714dd6920b6c864987314151bd85b7b2982cd5df5b8105fe0d557f785cc449f
229,pb-comp/normalized-PB15eval/OPT-LIN/dt-problems/normalized-lo_12x12_004.opb.metafix,normalized-PB15eval/OPT-LIN/dt-problems,mixed-p4-r2,7,feasible,61,83,83,15149,False,9,5720753,56,105,{},4714dd6920b6c864987314151bd85b7b2982cd5df5b8105fe0d557f785cc449f
230,pb-comp/normalized-PB15eval/OPT-LIN/dt-problems/normalized-lo_12x12_004.opb.metafix,normalized-PB15eval/OPT-LIN/dt-problems,mixed-p4-r4,7,feasible,61,76,76,15256,False,9,4973509,27,111,{},4714dd6920b6c864987314151bd85b7b2982cd5df5b8105fe0d557f785cc449f
231,pb-comp/normalized-PB15eval/OPT-LIN/dt-problems/normalized-lo_12x12_004.opb.metafix,normalized-PB15eval/OPT-LIN/dt-problems,cp-p4-a4,7,feasible,61,81,81,15183,False,4,765069,0,156,{},4714dd6920b6c864987314151bd85b7b2982cd5df5b8105fe0d557f785cc449f
232,pb-comp/normalized-PB15eval/OPT-LIN/dt-problems/normalized-lo_12x12_004.opb.metafix,normalized-PB15eval/OPT-LIN/dt-problems,cp-p4-a12,7,feasible,61,77,77,15146,False,12,582035,18,167,{},4714dd6920b6c864987314151bd85b7b2982cd5df5b8105fe0d557f785cc449f
233,pb-comp/normalized-PB15eval/OPT-LIN/dt-problems/normalized-lo_12x12_004.opb.metafix,normalized-PB15eval/OPT-LIN/dt-problems,mixed-p4-a4,7,feasible,61,90,90,15165,False,4,9700064,0,38,{},4714dd6920b6c864987314151bd85b7b2982cd5df5b8105fe0d557f785cc449f
234,pb-comp/normalized-PB15eval/OPT-LIN/dt-problems/normalized-lo_12x12_004.opb.metafix,normalized-PB15eval/OPT-LIN/dt-problems,mixed-p4-a12,7,feasible,61,85,85,15313,False,13,2448441,39,153,{},4714dd6920b6c864987314151bd85b7b2982cd5df5b8105fe0d557f785cc449f
235,pb-comp/normalized-PB15eval/OPT-LIN/dt-problems/normalized-lo_12x12_004.opb.metafix,normalized-PB15eval/OPT-LIN/dt-problems,main-cp-p1,7,feasible,61,67,67,15165,False,6,159728,0,33,{},c5f3896bdc0ec8fd17986a96333426c23c7369322641a064d6e0e9fb8f35e566
236,pb-comp/normalized-PB15eval/OPT-LIN/dt-problems/normalized-lo_12x12_004.opb.metafix,normalized-PB15eval/OPT-LIN/dt-problems,seam-cp-p1,7,feasible,61,82,82,15142,False,6,153202,5,38,{},3e5d9c523c45a7618f9d864d10dbfa91ae5c917ac0c0a083e211cd197e12c68c
237,pb-comp/normalized-PB15eval/OPT-LIN/dt-problems/normalized-lo_12x12_004.opb.metafix,normalized-PB15eval/OPT-LIN/dt-problems,main-mixed-p1,7,feasible,61,66,66,15170,False,7,1198825,0,32,{},c5f3896bdc0ec8fd17986a96333426c23c7369322641a064d6e0e9fb8f35e566
238,pb-comp/normalized-PB15eval/OPT-LIN/dt-problems/normalized-lo_12x12_004.opb.metafix,normalized-PB15eval/OPT-LIN/dt-problems,seam-mixed-p1,7,feasible,61,85,85,15154,False,7,1226811,11,47,{},3e5d9c523c45a7618f9d864d10dbfa91ae5c917ac0c0a083e211cd197e12c68c
239,pb-comp/normalized-PB15eval/OPT-LIN/dt-problems/normalized-lo_12x12_004.opb.metafix,normalized-PB15eval/OPT-LIN/dt-problems,mixed-p1-r0,7,feasible,61,67,67,15156,False,7,934226,0,32,{},3e5d9c523c45a7618f9d864d10dbfa91ae5c917ac0c0a083e211cd197e12c68c
