index,status,arm,seed,repeat,suite,problem,collection,family,format,kind,maximize,feasible,objective,proven,timeToBestMs,timeToFirstFeasibleMs,solveTimeMs,timeMs,budgetMs,error,unsupported,loadError,sourceValidation,floatApproximation,buildFingerprint,validationPolicy
0,DONE,integrated-main,0,0,smtlib-core,lia-basic,klause-bench/smoke-corpus/smtlib,lia-basic,SMTLIB,satisfy,false,true,,false,438,438,180,438,5000,false,,,,,3d5b2a8bc14f8f145b178c8f6df3db07e1e63cea99216d429efef65e6eef1963,reported-result-v1
1,DONE,integrated-oracles,0,0,smtlib-core,lia-basic,klause-bench/smoke-corpus/smtlib,lia-basic,SMTLIB,satisfy,false,true,,false,408,408,149,408,5000,false,,,,,3d5b2a8bc14f8f145b178c8f6df3db07e1e63cea99216d429efef65e6eef1963,reported-result-v1
2,DONE,integrated-main,1,0,smtlib-core,lia-basic,klause-bench/smoke-corpus/smtlib,lia-basic,SMTLIB,satisfy,false,true,,false,428,428,158,428,5000,false,,,,,3d5b2a8bc14f8f145b178c8f6df3db07e1e63cea99216d429efef65e6eef1963,reported-result-v1
3,DONE,integrated-oracles,1,0,smtlib-core,lia-basic,klause-bench/smoke-corpus/smtlib,lia-basic,SMTLIB,satisfy,false,true,,false,412,412,156,412,5000,false,,,,,3d5b2a8bc14f8f145b178c8f6df3db07e1e63cea99216d429efef65e6eef1963,reported-result-v1
4,DONE,integrated-oracles,0,0,smtlib-core,lia-opt,klause-bench/smoke-corpus/smtlib,lia-opt,SMTLIB,optimize,false,true,,false,447,447,174,447,5000,false,,,,,3d5b2a8bc14f8f145b178c8f6df3db07e1e63cea99216d429efef65e6eef1963,reported-result-v1
5,DONE,integrated-main,0,0,smtlib-core,lia-opt,klause-bench/smoke-corpus/smtlib,lia-opt,SMTLIB,optimize,false,true,,false,460,460,176,460,5000,false,,,,,3d5b2a8bc14f8f145b178c8f6df3db07e1e63cea99216d429efef65e6eef1963,reported-result-v1
6,DONE,integrated-oracles,1,0,smtlib-core,lia-opt,klause-bench/smoke-corpus/smtlib,lia-opt,SMTLIB,optimize,false,true,,false,459,459,183,459,5000,false,,,,,3d5b2a8bc14f8f145b178c8f6df3db07e1e63cea99216d429efef65e6eef1963,reported-result-v1
7,DONE,integrated-main,1,0,smtlib-core,lia-opt,klause-bench/smoke-corpus/smtlib,lia-opt,SMTLIB,optimize,false,true,,false,453,453,176,453,5000,false,,,,,3d5b2a8bc14f8f145b178c8f6df3db07e1e63cea99216d429efef65e6eef1963,reported-result-v1
8,DONE,integrated-main,0,0,smtlib-core,lia-unsat,klause-bench/smoke-corpus/smtlib,lia-unsat,SMTLIB,satisfy,false,false,,true,,,43,43,5000,false,,,,,3d5b2a8bc14f8f145b178c8f6df3db07e1e63cea99216d429efef65e6eef1963,reported-result-v1
9,DONE,integrated-oracles,0,0,smtlib-core,lia-unsat,klause-bench/smoke-corpus/smtlib,lia-unsat,SMTLIB,satisfy,false,false,,true,,,42,42,5000,false,,,,,3d5b2a8bc14f8f145b178c8f6df3db07e1e63cea99216d429efef65e6eef1963,reported-result-v1
10,DONE,integrated-main,1,0,smtlib-core,lia-unsat,klause-bench/smoke-corpus/smtlib,lia-unsat,SMTLIB,satisfy,false,false,,true,,,43,43,5000,false,,,,,3d5b2a8bc14f8f145b178c8f6df3db07e1e63cea99216d429efef65e6eef1963,reported-result-v1
11,DONE,integrated-oracles,1,0,smtlib-core,lia-unsat,klause-bench/smoke-corpus/smtlib,lia-unsat,SMTLIB,satisfy,false,false,,true,,,43,43,5000,false,,,,,3d5b2a8bc14f8f145b178c8f6df3db07e1e63cea99216d429efef65e6eef1963,reported-result-v1
12,DONE,integrated-oracles,0,0,smtlib-core,lia-disjunction,klause-bench/smoke-corpus/smtlib,lia-disjunction,SMTLIB,satisfy,false,true,,false,401,401,148,401,5000,false,,,,,3d5b2a8bc14f8f145b178c8f6df3db07e1e63cea99216d429efef65e6eef1963,reported-result-v1
13,DONE,integrated-main,0,0,smtlib-core,lia-disjunction,klause-bench/smoke-corpus/smtlib,lia-disjunction,SMTLIB,satisfy,false,true,,false,402,402,147,402,5000,false,,,,,3d5b2a8bc14f8f145b178c8f6df3db07e1e63cea99216d429efef65e6eef1963,reported-result-v1
14,DONE,integrated-oracles,1,0,smtlib-core,lia-disjunction,klause-bench/smoke-corpus/smtlib,lia-disjunction,SMTLIB,satisfy,false,true,,false,402,402,149,402,5000,false,,,,,3d5b2a8bc14f8f145b178c8f6df3db07e1e63cea99216d429efef65e6eef1963,reported-result-v1
15,DONE,integrated-main,1,0,smtlib-core,lia-disjunction,klause-bench/smoke-corpus/smtlib,lia-disjunction,SMTLIB,satisfy,false,true,,false,404,404,149,404,5000,false,,,,,3d5b2a8bc14f8f145b178c8f6df3db07e1e63cea99216d429efef65e6eef1963,reported-result-v1
16,DONE,integrated-main,0,0,smtlib-core,lra-rational,klause-bench/smoke-corpus/smtlib,lra-rational,SMTLIB,satisfy,false,true,,false,321,321,147,321,5000,false,,,,,3d5b2a8bc14f8f145b178c8f6df3db07e1e63cea99216d429efef65e6eef1963,reported-result-v1
17,DONE,integrated-oracles,0,0,smtlib-core,lra-rational,klause-bench/smoke-corpus/smtlib,lra-rational,SMTLIB,satisfy,false,true,,false,323,323,148,323,5000,false,,,,,3d5b2a8bc14f8f145b178c8f6df3db07e1e63cea99216d429efef65e6eef1963,reported-result-v1
18,DONE,integrated-main,1,0,smtlib-core,lra-rational,klause-bench/smoke-corpus/smtlib,lra-rational,SMTLIB,satisfy,false,true,,false,322,322,148,322,5000,false,,,,,3d5b2a8bc14f8f145b178c8f6df3db07e1e63cea99216d429efef65e6eef1963,reported-result-v1
19,DONE,integrated-oracles,1,0,smtlib-core,lra-rational,klause-bench/smoke-corpus/smtlib,lra-rational,SMTLIB,satisfy,false,true,,false,323,323,149,323,5000,false,,,,,3d5b2a8bc14f8f145b178c8f6df3db07e1e63cea99216d429efef65e6eef1963,reported-result-v1
20,DONE,integrated-oracles,0,0,smtlib-core,lia-wide-span,klause-bench/smoke-corpus/smtlib,lia-wide-span,SMTLIB,satisfy,false,true,,false,396,396,58,396,5000,false,,,,,3d5b2a8bc14f8f145b178c8f6df3db07e1e63cea99216d429efef65e6eef1963,reported-result-v1
21,DONE,integrated-main,0,0,smtlib-core,lia-wide-span,klause-bench/smoke-corpus/smtlib,lia-wide-span,SMTLIB,satisfy,false,true,,false,414,414,67,414,5000,false,,,,,3d5b2a8bc14f8f145b178c8f6df3db07e1e63cea99216d429efef65e6eef1963,reported-result-v1
22,DONE,integrated-oracles,1,0,smtlib-core,lia-wide-span,klause-bench/smoke-corpus/smtlib,lia-wide-span,SMTLIB,satisfy,false,true,,false,400,400,58,400,5000,false,,,,,3d5b2a8bc14f8f145b178c8f6df3db07e1e63cea99216d429efef65e6eef1963,reported-result-v1
23,DONE,integrated-main,1,0,smtlib-core,lia-wide-span,klause-bench/smoke-corpus/smtlib,lia-wide-span,SMTLIB,satisfy,false,true,,false,402,402,61,402,5000,false,,,,,3d5b2a8bc14f8f145b178c8f6df3db07e1e63cea99216d429efef65e6eef1963,reported-result-v1
24,DONE,integrated-main,0,0,mps-core,blend-tiny,klause-bench/smoke-corpus/mps,blend-tiny,MPS,optimize,false,true,9.0,true,69,51,93,69,5000,false,,,,,3d5b2a8bc14f8f145b178c8f6df3db07e1e63cea99216d429efef65e6eef1963,reported-result-v1
25,DONE,integrated-oracles,0,0,mps-core,blend-tiny,klause-bench/smoke-corpus/mps,blend-tiny,MPS,optimize,false,true,9.0,true,69,52,94,69,5000,false,,,,,3d5b2a8bc14f8f145b178c8f6df3db07e1e63cea99216d429efef65e6eef1963,reported-result-v1
26,DONE,integrated-main,1,0,mps-core,blend-tiny,klause-bench/smoke-corpus/mps,blend-tiny,MPS,optimize,false,true,9.0,true,70,51,95,70,5000,false,,,,,3d5b2a8bc14f8f145b178c8f6df3db07e1e63cea99216d429efef65e6eef1963,reported-result-v1
27,DONE,integrated-oracles,1,0,mps-core,blend-tiny,klause-bench/smoke-corpus/mps,blend-tiny,MPS,optimize,false,true,9.0,true,72,53,97,72,5000,false,,,,,3d5b2a8bc14f8f145b178c8f6df3db07e1e63cea99216d429efef65e6eef1963,reported-result-v1
28,DONE,integrated-oracles,0,0,mps-core,feasible-tiny,klause-bench/smoke-corpus/mps,feasible-tiny,MPS,satisfy,false,true,,false,327,327,54,327,5000,false,,,,,3d5b2a8bc14f8f145b178c8f6df3db07e1e63cea99216d429efef65e6eef1963,reported-result-v1
29,DONE,integrated-main,0,0,mps-core,feasible-tiny,klause-bench/smoke-corpus/mps,feasible-tiny,MPS,satisfy,false,true,,false,327,327,55,327,5000,false,,,,,3d5b2a8bc14f8f145b178c8f6df3db07e1e63cea99216d429efef65e6eef1963,reported-result-v1
30,DONE,integrated-oracles,1,0,mps-core,feasible-tiny,klause-bench/smoke-corpus/mps,feasible-tiny,MPS,satisfy,false,true,,false,324,324,54,324,5000,false,,,,,3d5b2a8bc14f8f145b178c8f6df3db07e1e63cea99216d429efef65e6eef1963,reported-result-v1
31,DONE,integrated-main,1,0,mps-core,feasible-tiny,klause-bench/smoke-corpus/mps,feasible-tiny,MPS,satisfy,false,true,,false,336,336,54,336,5000,false,,,,,3d5b2a8bc14f8f145b178c8f6df3db07e1e63cea99216d429efef65e6eef1963,reported-result-v1
32,DONE,integrated-main,0,0,mps-core,float-tiny,klause-bench/smoke-corpus/mps,float-tiny,MPS,satisfy,false,true,,false,397,397,139,397,5000,false,,,,,3d5b2a8bc14f8f145b178c8f6df3db07e1e63cea99216d429efef65e6eef1963,reported-result-v1
33,DONE,integrated-oracles,0,0,mps-core,float-tiny,klause-bench/smoke-corpus/mps,float-tiny,MPS,satisfy,false,true,,false,386,386,138,386,5000,false,,,,,3d5b2a8bc14f8f145b178c8f6df3db07e1e63cea99216d429efef65e6eef1963,reported-result-v1
34,DONE,integrated-main,1,0,mps-core,float-tiny,klause-bench/smoke-corpus/mps,float-tiny,MPS,satisfy,false,true,,false,383,383,137,383,5000,false,,,,,3d5b2a8bc14f8f145b178c8f6df3db07e1e63cea99216d429efef65e6eef1963,reported-result-v1
35,DONE,integrated-oracles,1,0,mps-core,float-tiny,klause-bench/smoke-corpus/mps,float-tiny,MPS,satisfy,false,true,,false,395,395,138,395,5000,false,,,,,3d5b2a8bc14f8f145b178c8f6df3db07e1e63cea99216d429efef65e6eef1963,reported-result-v1
36,DONE,integrated-oracles,0,0,mps-core,infeasible-tiny,klause-bench/smoke-corpus/mps,infeasible-tiny,MPS,satisfy,false,false,,true,,,12,12,5000,false,,,,,3d5b2a8bc14f8f145b178c8f6df3db07e1e63cea99216d429efef65e6eef1963,reported-result-v1
37,DONE,integrated-main,0,0,mps-core,infeasible-tiny,klause-bench/smoke-corpus/mps,infeasible-tiny,MPS,satisfy,false,false,,true,,,12,12,5000,false,,,,,3d5b2a8bc14f8f145b178c8f6df3db07e1e63cea99216d429efef65e6eef1963,reported-result-v1
38,DONE,integrated-oracles,1,0,mps-core,infeasible-tiny,klause-bench/smoke-corpus/mps,infeasible-tiny,MPS,satisfy,false,false,,true,,,12,12,5000,false,,,,,3d5b2a8bc14f8f145b178c8f6df3db07e1e63cea99216d429efef65e6eef1963,reported-result-v1
39,DONE,integrated-main,1,0,mps-core,infeasible-tiny,klause-bench/smoke-corpus/mps,infeasible-tiny,MPS,satisfy,false,false,,true,,,12,12,5000,false,,,,,3d5b2a8bc14f8f145b178c8f6df3db07e1e63cea99216d429efef65e6eef1963,reported-result-v1
